"Course","FileName","Extension","OriginalPath","CopiedPath","SizeKB"
"apis","01_01_introduction-to-the-course.en.txt",".txt","C:\Users\Sujay\Desktop\META\apis\01_rest-apis\01_course-introduction\01_01_introduction-to-the-course.en.txt","C:\Users\Sujay\Desktop\META-USEFUL\apis\01_rest-apis\01_course-introduction\01_01_introduction-to-the-course.en.txt","4.13"
"apis","01_02_how-are-apis-used-in-the-real-world.en.txt",".txt","C:\Users\Sujay\Desktop\META\apis\01_rest-apis\01_course-introduction\01_02_how-are-apis-used-in-the-real-world.en.txt","C:\Users\Sujay\Desktop\META-USEFUL\apis\01_rest-apis\01_course-introduction\01_02_how-are-apis-used-in-the-real-world.en.txt","3.77"
"apis","01_03_course-syllabus_instructions.html",".html","C:\Users\Sujay\Desktop\META\apis\01_rest-apis\01_course-introduction\01_03_course-syllabus_instructions.html","C:\Users\Sujay\Desktop\META-USEFUL\apis\01_rest-apis\01_course-introduction\01_03_course-syllabus_instructions.html","6.88"
"apis","01_04_working-with-labs-and-exercises-in-this-course_instructions.html",".html","C:\Users\Sujay\Desktop\META\apis\01_rest-apis\01_course-introduction\01_04_working-with-labs-and-exercises-in-this-course_instructions.html","C:\Users\Sujay\Desktop\META-USEFUL\apis\01_rest-apis\01_course-introduction\01_04_working-with-labs-and-exercises-in-this-course_instructions.html","11585.8"
"apis","01_05_how-to-be-successful-in-this-course_instructions.html",".html","C:\Users\Sujay\Desktop\META\apis\01_rest-apis\01_course-introduction\01_05_how-to-be-successful-in-this-course_instructions.html","C:\Users\Sujay\Desktop\META-USEFUL\apis\01_rest-apis\01_course-introduction\01_05_how-to-be-successful-in-this-course_instructions.html","6.04"
"apis","02_01_what-you-know-about-http.en.txt",".txt","C:\Users\Sujay\Desktop\META\apis\01_rest-apis\02_introduction-to-apis\02_01_what-you-know-about-http.en.txt","C:\Users\Sujay\Desktop\META-USEFUL\apis\01_rest-apis\02_introduction-to-apis\02_01_what-you-know-about-http.en.txt","5"
"apis","02_02_http-methods-status-codes-and-response-types_instructions.html",".html","C:\Users\Sujay\Desktop\META\apis\01_rest-apis\02_introduction-to-apis\02_02_http-methods-status-codes-and-response-types_instructions.html","C:\Users\Sujay\Desktop\META-USEFUL\apis\01_rest-apis\02_introduction-to-apis\02_02_http-methods-status-codes-and-response-types_instructions.html","14.23"
"apis","02_03_restfulness.en.txt",".txt","C:\Users\Sujay\Desktop\META\apis\01_rest-apis\02_introduction-to-apis\02_03_restfulness.en.txt","C:\Users\Sujay\Desktop\META-USEFUL\apis\01_rest-apis\02_introduction-to-apis\02_03_restfulness.en.txt","6.79"
"apis","02_04_naming-conventions.en.txt",".txt","C:\Users\Sujay\Desktop\META\apis\01_rest-apis\02_introduction-to-apis\02_04_naming-conventions.en.txt","C:\Users\Sujay\Desktop\META-USEFUL\apis\01_rest-apis\02_introduction-to-apis\02_04_naming-conventions.en.txt","6.69"
"apis","02_05_good-routes-versus-bad-routes_instructions.html",".html","C:\Users\Sujay\Desktop\META\apis\01_rest-apis\02_introduction-to-apis\02_05_good-routes-versus-bad-routes_instructions.html","C:\Users\Sujay\Desktop\META-USEFUL\apis\01_rest-apis\02_introduction-to-apis\02_05_good-routes-versus-bad-routes_instructions.html","17.57"
"apis","02_06_essential-tools-for-api-development.en.txt",".txt","C:\Users\Sujay\Desktop\META\apis\01_rest-apis\02_introduction-to-apis\02_06_essential-tools-for-api-development.en.txt","C:\Users\Sujay\Desktop\META-USEFUL\apis\01_rest-apis\02_introduction-to-apis\02_06_essential-tools-for-api-development.en.txt","4.5"
"apis","02_07_installing-vs-code_instructions.html",".html","C:\Users\Sujay\Desktop\META\apis\01_rest-apis\02_introduction-to-apis\02_07_installing-vs-code_instructions.html","C:\Users\Sujay\Desktop\META-USEFUL\apis\01_rest-apis\02_introduction-to-apis\02_07_installing-vs-code_instructions.html","554.73"
"apis","02_08_setting-up-tools-and-environment_instructions.html",".html","C:\Users\Sujay\Desktop\META\apis\01_rest-apis\02_introduction-to-apis\02_08_setting-up-tools-and-environment_instructions.html","C:\Users\Sujay\Desktop\META-USEFUL\apis\01_rest-apis\02_introduction-to-apis\02_08_setting-up-tools-and-environment_instructions.html","222.76"
"apis","02_09_create-a-django-project-using-pipenv.en.txt",".txt","C:\Users\Sujay\Desktop\META\apis\01_rest-apis\02_introduction-to-apis\02_09_create-a-django-project-using-pipenv.en.txt","C:\Users\Sujay\Desktop\META-USEFUL\apis\01_rest-apis\02_introduction-to-apis\02_09_create-a-django-project-using-pipenv.en.txt","2.36"
"apis","02_10_optional-creating-a-django-project-steps-and-code_instructions.html",".html","C:\Users\Sujay\Desktop\META\apis\01_rest-apis\02_introduction-to-apis\02_10_optional-creating-a-django-project-steps-and-code_instructions.html","C:\Users\Sujay\Desktop\META-USEFUL\apis\01_rest-apis\02_introduction-to-apis\02_10_optional-creating-a-django-project-steps-and-code_instructions.html","243.37"
"apis","02_11_exercise-know-your-tools_instructions.html",".html","C:\Users\Sujay\Desktop\META\apis\01_rest-apis\02_introduction-to-apis\02_11_exercise-know-your-tools_instructions.html","C:\Users\Sujay\Desktop\META-USEFUL\apis\01_rest-apis\02_introduction-to-apis\02_11_exercise-know-your-tools_instructions.html","1005.01"
"apis","02_12_additional-resources_instructions.html",".html","C:\Users\Sujay\Desktop\META\apis\01_rest-apis\02_introduction-to-apis\02_12_additional-resources_instructions.html","C:\Users\Sujay\Desktop\META-USEFUL\apis\01_rest-apis\02_introduction-to-apis\02_12_additional-resources_instructions.html","2.88"
"apis","03_01_rest-best-practices.en.txt",".txt","C:\Users\Sujay\Desktop\META\apis\01_rest-apis\03_principles-of-api-development\03_01_rest-best-practices.en.txt","C:\Users\Sujay\Desktop\META-USEFUL\apis\01_rest-apis\03_principles-of-api-development\03_01_rest-best-practices.en.txt","5.23"
"apis","03_02_security-and-authentication-in-rest-api.en.txt",".txt","C:\Users\Sujay\Desktop\META\apis\01_rest-apis\03_principles-of-api-development\03_02_security-and-authentication-in-rest-api.en.txt","C:\Users\Sujay\Desktop\META-USEFUL\apis\01_rest-apis\03_principles-of-api-development\03_02_security-and-authentication-in-rest-api.en.txt","4.25"
"apis","03_03_access-control.en.txt",".txt","C:\Users\Sujay\Desktop\META\apis\01_rest-apis\03_principles-of-api-development\03_03_access-control.en.txt","C:\Users\Sujay\Desktop\META-USEFUL\apis\01_rest-apis\03_principles-of-api-development\03_03_access-control.en.txt","3.62"
"apis","03_04_authentication-versus-authorization_instructions.html",".html","C:\Users\Sujay\Desktop\META\apis\01_rest-apis\03_principles-of-api-development\03_04_authentication-versus-authorization_instructions.html","C:\Users\Sujay\Desktop\META-USEFUL\apis\01_rest-apis\03_principles-of-api-development\03_04_authentication-versus-authorization_instructions.html","954.34"
"apis","04_01_book-list-api-project.en.txt",".txt","C:\Users\Sujay\Desktop\META\apis\01_rest-apis\04_writing-your-first-api-next-steps\04_01_book-list-api-project.en.txt","C:\Users\Sujay\Desktop\META-USEFUL\apis\01_rest-apis\04_writing-your-first-api-next-steps\04_01_book-list-api-project.en.txt","4.96"
"apis","04_02_organizing-an-api-project.en.txt",".txt","C:\Users\Sujay\Desktop\META\apis\01_rest-apis\04_writing-your-first-api-next-steps\04_02_organizing-an-api-project.en.txt","C:\Users\Sujay\Desktop\META-USEFUL\apis\01_rest-apis\04_writing-your-first-api-next-steps\04_02_organizing-an-api-project.en.txt","5.09"
"apis","04_03_consequences-of-a-poorly-designed-api-project_instructions.html",".html","C:\Users\Sujay\Desktop\META\apis\01_rest-apis\04_writing-your-first-api-next-steps\04_03_consequences-of-a-poorly-designed-api-project_instructions.html","C:\Users\Sujay\Desktop\META-USEFUL\apis\01_rest-apis\04_writing-your-first-api-next-steps\04_03_consequences-of-a-poorly-designed-api-project_instructions.html","10.82"
"apis","04_04_xml-and-json-response-types_instructions.html",".html","C:\Users\Sujay\Desktop\META\apis\01_rest-apis\04_writing-your-first-api-next-steps\04_04_xml-and-json-response-types_instructions.html","C:\Users\Sujay\Desktop\META-USEFUL\apis\01_rest-apis\04_writing-your-first-api-next-steps\04_04_xml-and-json-response-types_instructions.html","325.52"
"apis","04_05_solution-your-first-api_instructions.html",".html","C:\Users\Sujay\Desktop\META\apis\01_rest-apis\04_writing-your-first-api-next-steps\04_05_solution-your-first-api_instructions.html","C:\Users\Sujay\Desktop\META-USEFUL\apis\01_rest-apis\04_writing-your-first-api-next-steps\04_05_solution-your-first-api_instructions.html","3.02"
"apis","04_06_debugging-your-api.en.txt",".txt","C:\Users\Sujay\Desktop\META\apis\01_rest-apis\04_writing-your-first-api-next-steps\04_06_debugging-your-api.en.txt","C:\Users\Sujay\Desktop\META-USEFUL\apis\01_rest-apis\04_writing-your-first-api-next-steps\04_06_debugging-your-api.en.txt","4.38"
"apis","04_07_browser-tools-and-extensions-for-api-development.en.txt",".txt","C:\Users\Sujay\Desktop\META\apis\01_rest-apis\04_writing-your-first-api-next-steps\04_07_browser-tools-and-extensions-for-api-development.en.txt","C:\Users\Sujay\Desktop\META-USEFUL\apis\01_rest-apis\04_writing-your-first-api-next-steps\04_07_browser-tools-and-extensions-for-api-development.en.txt","2.22"
"apis","04_08_mock-apis_instructions.html",".html","C:\Users\Sujay\Desktop\META\apis\01_rest-apis\04_writing-your-first-api-next-steps\04_08_mock-apis_instructions.html","C:\Users\Sujay\Desktop\META-USEFUL\apis\01_rest-apis\04_writing-your-first-api-next-steps\04_08_mock-apis_instructions.html","3.88"
"apis","04_09_module-summary-rest-apis.en.txt",".txt","C:\Users\Sujay\Desktop\META\apis\01_rest-apis\04_writing-your-first-api-next-steps\04_09_module-summary-rest-apis.en.txt","C:\Users\Sujay\Desktop\META-USEFUL\apis\01_rest-apis\04_writing-your-first-api-next-steps\04_09_module-summary-rest-apis.en.txt","4.36"
"apis","01_01_what-is-the-django-rest-framework-drf.en.txt",".txt","C:\Users\Sujay\Desktop\META\apis\02_django-rest-framework\01_introduction-to-django-rest-framework-drf\01_01_what-is-the-django-rest-framework-drf.en.txt","C:\Users\Sujay\Desktop\META-USEFUL\apis\02_django-rest-framework\01_introduction-to-django-rest-framework-drf\01_01_what-is-the-django-rest-framework-drf.en.txt","3.96"
"apis","01_02_installing-and-setting-up-drf.en.txt",".txt","C:\Users\Sujay\Desktop\META\apis\02_django-rest-framework\01_introduction-to-django-rest-framework-drf\01_02_installing-and-setting-up-drf.en.txt","C:\Users\Sujay\Desktop\META-USEFUL\apis\02_django-rest-framework\01_introduction-to-django-rest-framework-drf\01_02_installing-and-setting-up-drf.en.txt","4.18"
"apis","01_03_better-api-view-with-decorators.en.txt",".txt","C:\Users\Sujay\Desktop\META\apis\02_django-rest-framework\01_introduction-to-django-rest-framework-drf\01_03_better-api-view-with-decorators.en.txt","C:\Users\Sujay\Desktop\META-USEFUL\apis\02_django-rest-framework\01_introduction-to-django-rest-framework-drf\01_03_better-api-view-with-decorators.en.txt","3.35"
"apis","01_04_different-types-of-routing-in-drf_instructions.html",".html","C:\Users\Sujay\Desktop\META\apis\02_django-rest-framework\01_introduction-to-django-rest-framework-drf\01_04_different-types-of-routing-in-drf_instructions.html","C:\Users\Sujay\Desktop\META-USEFUL\apis\02_django-rest-framework\01_introduction-to-django-rest-framework-drf\01_04_different-types-of-routing-in-drf_instructions.html","112.21"
"apis","01_05_generic-views-and-viewsets-in-drf_instructions.html",".html","C:\Users\Sujay\Desktop\META\apis\02_django-rest-framework\01_introduction-to-django-rest-framework-drf\01_05_generic-views-and-viewsets-in-drf_instructions.html","C:\Users\Sujay\Desktop\META-USEFUL\apis\02_django-rest-framework\01_introduction-to-django-rest-framework-drf\01_05_generic-views-and-viewsets-in-drf_instructions.html","13.93"
"apis","01_06_function-and-class-based-views.en.txt",".txt","C:\Users\Sujay\Desktop\META\apis\02_django-rest-framework\01_introduction-to-django-rest-framework-drf\01_06_function-and-class-based-views.en.txt","C:\Users\Sujay\Desktop\META-USEFUL\apis\02_django-rest-framework\01_introduction-to-django-rest-framework-drf\01_06_function-and-class-based-views.en.txt","4.61"
"apis","01_07_django-debug-toolbar.en.txt",".txt","C:\Users\Sujay\Desktop\META\apis\02_django-rest-framework\01_introduction-to-django-rest-framework-drf\01_07_django-debug-toolbar.en.txt","C:\Users\Sujay\Desktop\META-USEFUL\apis\02_django-rest-framework\01_introduction-to-django-rest-framework-drf\01_07_django-debug-toolbar.en.txt","3.93"
"apis","01_08_restaurant-menu-api-project-with-drf.en.txt",".txt","C:\Users\Sujay\Desktop\META\apis\02_django-rest-framework\01_introduction-to-django-rest-framework-drf\01_08_restaurant-menu-api-project-with-drf.en.txt","C:\Users\Sujay\Desktop\META-USEFUL\apis\02_django-rest-framework\01_introduction-to-django-rest-framework-drf\01_08_restaurant-menu-api-project-with-drf.en.txt","4.5"
"apis","01_09_additional-resources_instructions.html",".html","C:\Users\Sujay\Desktop\META\apis\02_django-rest-framework\01_introduction-to-django-rest-framework-drf\01_09_additional-resources_instructions.html","C:\Users\Sujay\Desktop\META-USEFUL\apis\02_django-rest-framework\01_introduction-to-django-rest-framework-drf\01_09_additional-resources_instructions.html","1.67"
"apis","02_01_serializers.en.txt",".txt","C:\Users\Sujay\Desktop\META\apis\02_django-rest-framework\02_django-rest-framework-essentials\02_01_serializers.en.txt","C:\Users\Sujay\Desktop\META-USEFUL\apis\02_django-rest-framework\02_django-rest-framework-essentials\02_01_serializers.en.txt","3.63"
"apis","02_02_model-serializers.en.txt",".txt","C:\Users\Sujay\Desktop\META\apis\02_django-rest-framework\02_django-rest-framework-essentials\02_02_model-serializers.en.txt","C:\Users\Sujay\Desktop\META-USEFUL\apis\02_django-rest-framework\02_django-rest-framework-essentials\02_02_model-serializers.en.txt","2.18"
"apis","02_03_relationship-serializers.en.txt",".txt","C:\Users\Sujay\Desktop\META\apis\02_django-rest-framework\02_django-rest-framework-essentials\02_03_relationship-serializers.en.txt","C:\Users\Sujay\Desktop\META-USEFUL\apis\02_django-rest-framework\02_django-rest-framework-essentials\02_03_relationship-serializers.en.txt","2.79"
"apis","02_04_other-types-of-serializers-in-drf_instructions.html",".html","C:\Users\Sujay\Desktop\META\apis\02_django-rest-framework\02_django-rest-framework-essentials\02_04_other-types-of-serializers-in-drf_instructions.html","C:\Users\Sujay\Desktop\META-USEFUL\apis\02_django-rest-framework\02_django-rest-framework-essentials\02_04_other-types-of-serializers-in-drf_instructions.html","380.76"
"apis","02_05_deserialization-and-validation.en.txt",".txt","C:\Users\Sujay\Desktop\META\apis\02_django-rest-framework\02_django-rest-framework-essentials\02_05_deserialization-and-validation.en.txt","C:\Users\Sujay\Desktop\META-USEFUL\apis\02_django-rest-framework\02_django-rest-framework-essentials\02_05_deserialization-and-validation.en.txt","4.05"
"apis","02_06_renderers.en.txt",".txt","C:\Users\Sujay\Desktop\META\apis\02_django-rest-framework\02_django-rest-framework-essentials\02_06_renderers.en.txt","C:\Users\Sujay\Desktop\META-USEFUL\apis\02_django-rest-framework\02_django-rest-framework-essentials\02_06_renderers.en.txt","4.36"
"apis","02_07_different-types-of-renderers_instructions.html",".html","C:\Users\Sujay\Desktop\META\apis\02_django-rest-framework\02_django-rest-framework-essentials\02_07_different-types-of-renderers_instructions.html","C:\Users\Sujay\Desktop\META-USEFUL\apis\02_django-rest-framework\02_django-rest-framework-essentials\02_07_different-types-of-renderers_instructions.html","777.55"
"apis","02_08_module-summary-django-rest-framework.en.txt",".txt","C:\Users\Sujay\Desktop\META\apis\02_django-rest-framework\02_django-rest-framework-essentials\02_08_module-summary-django-rest-framework.en.txt","C:\Users\Sujay\Desktop\META-USEFUL\apis\02_django-rest-framework\02_django-rest-framework-essentials\02_08_module-summary-django-rest-framework.en.txt","4.39"
"apis","02_09_additional-resources_instructions.html",".html","C:\Users\Sujay\Desktop\META\apis\02_django-rest-framework\02_django-rest-framework-essentials\02_09_additional-resources_instructions.html","C:\Users\Sujay\Desktop\META-USEFUL\apis\02_django-rest-framework\02_django-rest-framework-essentials\02_09_additional-resources_instructions.html","1.6"
"apis","01_01_filtering-and-searching.en.txt",".txt","C:\Users\Sujay\Desktop\META\apis\03_advanced-api-development\01_filtering-ordering-and-searching\01_01_filtering-and-searching.en.txt","C:\Users\Sujay\Desktop\META-USEFUL\apis\03_advanced-api-development\01_filtering-ordering-and-searching\01_01_filtering-and-searching.en.txt","5.86"
"apis","01_02_ordering.en.txt",".txt","C:\Users\Sujay\Desktop\META\apis\03_advanced-api-development\01_filtering-ordering-and-searching\01_02_ordering.en.txt","C:\Users\Sujay\Desktop\META-USEFUL\apis\03_advanced-api-development\01_filtering-ordering-and-searching\01_02_ordering.en.txt","3.76"
"apis","01_03_importance-of-data-validation_instructions.html",".html","C:\Users\Sujay\Desktop\META\apis\03_advanced-api-development\01_filtering-ordering-and-searching\01_03_importance-of-data-validation_instructions.html","C:\Users\Sujay\Desktop\META-USEFUL\apis\03_advanced-api-development\01_filtering-ordering-and-searching\01_03_importance-of-data-validation_instructions.html","490.75"
"apis","01_04_data-sanitization_instructions.html",".html","C:\Users\Sujay\Desktop\META\apis\03_advanced-api-development\01_filtering-ordering-and-searching\01_04_data-sanitization_instructions.html","C:\Users\Sujay\Desktop\META-USEFUL\apis\03_advanced-api-development\01_filtering-ordering-and-searching\01_04_data-sanitization_instructions.html","196.87"
"apis","01_05_pagination.en.txt",".txt","C:\Users\Sujay\Desktop\META\apis\03_advanced-api-development\01_filtering-ordering-and-searching\01_05_pagination.en.txt","C:\Users\Sujay\Desktop\META-USEFUL\apis\03_advanced-api-development\01_filtering-ordering-and-searching\01_05_pagination.en.txt","3.34"
"apis","01_06_more-on-filtering-and-pagination_instructions.html",".html","C:\Users\Sujay\Desktop\META\apis\03_advanced-api-development\01_filtering-ordering-and-searching\01_06_more-on-filtering-and-pagination_instructions.html","C:\Users\Sujay\Desktop\META-USEFUL\apis\03_advanced-api-development\01_filtering-ordering-and-searching\01_06_more-on-filtering-and-pagination_instructions.html","747.74"
"apis","01_07_caching.en.txt",".txt","C:\Users\Sujay\Desktop\META\apis\03_advanced-api-development\01_filtering-ordering-and-searching\01_07_caching.en.txt","C:\Users\Sujay\Desktop\META-USEFUL\apis\03_advanced-api-development\01_filtering-ordering-and-searching\01_07_caching.en.txt","4.48"
"apis","01_08_solution-restaurant-menu-api-filtering-ordering-and-searching_instructions.html",".html","C:\Users\Sujay\Desktop\META\apis\03_advanced-api-development\01_filtering-ordering-and-searching\01_08_solution-restaurant-menu-api-filtering-ordering-and-searching_instructions.html","C:\Users\Sujay\Desktop\META-USEFUL\apis\03_advanced-api-development\01_filtering-ordering-and-searching\01_08_solution-restaurant-menu-api-filtering-ordering-and-searching_instructions.html","3.67"
"apis","01_09_additional-resources_instructions.html",".html","C:\Users\Sujay\Desktop\META\apis\03_advanced-api-development\01_filtering-ordering-and-searching\01_09_additional-resources_instructions.html","C:\Users\Sujay\Desktop\META-USEFUL\apis\03_advanced-api-development\01_filtering-ordering-and-searching\01_09_additional-resources_instructions.html","1.42"
"apis","02_01_token-based-authentication-in-drf.en.txt",".txt","C:\Users\Sujay\Desktop\META\apis\03_advanced-api-development\02_securing-an-api-in-django-rest-framework\02_01_token-based-authentication-in-drf.en.txt","C:\Users\Sujay\Desktop\META-USEFUL\apis\03_advanced-api-development\02_securing-an-api-in-django-rest-framework\02_01_token-based-authentication-in-drf.en.txt","5.35"
"apis","02_02_user-roles.en.txt",".txt","C:\Users\Sujay\Desktop\META\apis\03_advanced-api-development\02_securing-an-api-in-django-rest-framework\02_02_user-roles.en.txt","C:\Users\Sujay\Desktop\META-USEFUL\apis\03_advanced-api-development\02_securing-an-api-in-django-rest-framework\02_02_user-roles.en.txt","3.64"
"apis","02_03_setting-up-api-throttling.en.txt",".txt","C:\Users\Sujay\Desktop\META\apis\03_advanced-api-development\02_securing-an-api-in-django-rest-framework\02_03_setting-up-api-throttling.en.txt","C:\Users\Sujay\Desktop\META-USEFUL\apis\03_advanced-api-development\02_securing-an-api-in-django-rest-framework\02_03_setting-up-api-throttling.en.txt","4.49"
"apis","02_04_api-throttling-for-class-based-views_instructions.html",".html","C:\Users\Sujay\Desktop\META\apis\03_advanced-api-development\02_securing-an-api-in-django-rest-framework\02_04_api-throttling-for-class-based-views_instructions.html","C:\Users\Sujay\Desktop\META-USEFUL\apis\03_advanced-api-development\02_securing-an-api-in-django-rest-framework\02_04_api-throttling-for-class-based-views_instructions.html","173.76"
"apis","02_05_introduction-to-djoser-library-for-better-authentication.en.txt",".txt","C:\Users\Sujay\Desktop\META\apis\03_advanced-api-development\02_securing-an-api-in-django-rest-framework\02_05_introduction-to-djoser-library-for-better-authentication.en.txt","C:\Users\Sujay\Desktop\META-USEFUL\apis\03_advanced-api-development\02_securing-an-api-in-django-rest-framework\02_05_introduction-to-djoser-library-for-better-authentication.en.txt","4.21"
"apis","02_06_registration-and-authentication-endpoints-with-jwt.en.txt",".txt","C:\Users\Sujay\Desktop\META\apis\03_advanced-api-development\02_securing-an-api-in-django-rest-framework\02_06_registration-and-authentication-endpoints-with-jwt.en.txt","C:\Users\Sujay\Desktop\META-USEFUL\apis\03_advanced-api-development\02_securing-an-api-in-django-rest-framework\02_06_registration-and-authentication-endpoints-with-jwt.en.txt","5.06"
"apis","02_07_user-account-management.en.txt",".txt","C:\Users\Sujay\Desktop\META\apis\03_advanced-api-development\02_securing-an-api-in-django-rest-framework\02_07_user-account-management.en.txt","C:\Users\Sujay\Desktop\META-USEFUL\apis\03_advanced-api-development\02_securing-an-api-in-django-rest-framework\02_07_user-account-management.en.txt","3.8"
"apis","02_08_exercise-user-account-management_instructions.html",".html","C:\Users\Sujay\Desktop\META\apis\03_advanced-api-development\02_securing-an-api-in-django-rest-framework\02_08_exercise-user-account-management_instructions.html","C:\Users\Sujay\Desktop\META-USEFUL\apis\03_advanced-api-development\02_securing-an-api-in-django-rest-framework\02_08_exercise-user-account-management_instructions.html","1359.48"
"apis","02_09_solution-user-account-management_instructions.html",".html","C:\Users\Sujay\Desktop\META\apis\03_advanced-api-development\02_securing-an-api-in-django-rest-framework\02_09_solution-user-account-management_instructions.html","C:\Users\Sujay\Desktop\META-USEFUL\apis\03_advanced-api-development\02_securing-an-api-in-django-rest-framework\02_09_solution-user-account-management_instructions.html","3.43"
"apis","02_10_module-summary-securing-an-api-in-django-rest-framework.en.txt",".txt","C:\Users\Sujay\Desktop\META\apis\03_advanced-api-development\02_securing-an-api-in-django-rest-framework\02_10_module-summary-securing-an-api-in-django-rest-framework.en.txt","C:\Users\Sujay\Desktop\META-USEFUL\apis\03_advanced-api-development\02_securing-an-api-in-django-rest-framework\02_10_module-summary-securing-an-api-in-django-rest-framework.en.txt","2.74"
"apis","02_11_additional-resources_instructions.html",".html","C:\Users\Sujay\Desktop\META\apis\03_advanced-api-development\02_securing-an-api-in-django-rest-framework\02_11_additional-resources_instructions.html","C:\Users\Sujay\Desktop\META-USEFUL\apis\03_advanced-api-development\02_securing-an-api-in-django-rest-framework\02_11_additional-resources_instructions.html","1.48"
"apis","01_01_course-recap-apis.en.txt",".txt","C:\Users\Sujay\Desktop\META\apis\04_final-project-assessment\01_final-project-and-graded-assessment\01_01_course-recap-apis.en.txt","C:\Users\Sujay\Desktop\META-USEFUL\apis\04_final-project-assessment\01_final-project-and-graded-assessment\01_01_course-recap-apis.en.txt","2.25"
"apis","01_02_about-the-final-assessment_instructions.html",".html","C:\Users\Sujay\Desktop\META\apis\04_final-project-assessment\01_final-project-and-graded-assessment\01_02_about-the-final-assessment_instructions.html","C:\Users\Sujay\Desktop\META-USEFUL\apis\04_final-project-assessment\01_final-project-and-graded-assessment\01_02_about-the-final-assessment_instructions.html","3.41"
"apis","01_03_project-introduction.en.txt",".txt","C:\Users\Sujay\Desktop\META\apis\04_final-project-assessment\01_final-project-and-graded-assessment\01_03_project-introduction.en.txt","C:\Users\Sujay\Desktop\META-USEFUL\apis\04_final-project-assessment\01_final-project-and-graded-assessment\01_03_project-introduction.en.txt","3.09"
"apis","01_04_project-structure-and-api-routes_instructions.html",".html","C:\Users\Sujay\Desktop\META\apis\04_final-project-assessment\01_final-project-and-graded-assessment\01_04_project-structure-and-api-routes_instructions.html","C:\Users\Sujay\Desktop\META-USEFUL\apis\04_final-project-assessment\01_final-project-and-graded-assessment\01_04_project-structure-and-api-routes_instructions.html","20.72"
"apis","01_05_creating-models.en.txt",".txt","C:\Users\Sujay\Desktop\META\apis\04_final-project-assessment\01_final-project-and-graded-assessment\01_05_creating-models.en.txt","C:\Users\Sujay\Desktop\META-USEFUL\apis\04_final-project-assessment\01_final-project-and-graded-assessment\01_05_creating-models.en.txt","3.74"
"apis","01_06_little-lemon-api-project_peer_assignment_instructions.html",".html","C:\Users\Sujay\Desktop\META\apis\04_final-project-assessment\01_final-project-and-graded-assessment\01_06_little-lemon-api-project_peer_assignment_instructions.html","C:\Users\Sujay\Desktop\META-USEFUL\apis\04_final-project-assessment\01_final-project-and-graded-assessment\01_06_little-lemon-api-project_peer_assignment_instructions.html","393.76"
"apis","02_01_course-wrap-up.en.txt",".txt","C:\Users\Sujay\Desktop\META\apis\04_final-project-assessment\02_course-wrap-up\02_01_course-wrap-up.en.txt","C:\Users\Sujay\Desktop\META-USEFUL\apis\04_final-project-assessment\02_course-wrap-up\02_01_course-wrap-up.en.txt","2.03"
"apis","02_02_next-steps_instructions.html",".html","C:\Users\Sujay\Desktop\META\apis\04_final-project-assessment\02_course-wrap-up\02_02_next-steps_instructions.html","C:\Users\Sujay\Desktop\META-USEFUL\apis\04_final-project-assessment\02_course-wrap-up\02_02_next-steps_instructions.html","1.13"
"back-end-developer-capstone","01_01_introduction-to-the-course.en.txt",".txt","C:\Users\Sujay\Desktop\META\back-end-developer-capstone\01_starting-the-project\01_project-info\01_01_introduction-to-the-course.en.txt","C:\Users\Sujay\Desktop\META-USEFUL\back-end-developer-capstone\01_starting-the-project\01_project-info\01_01_introduction-to-the-course.en.txt","2.74"
"back-end-developer-capstone","01_02_course-syllabus_instructions.html",".html","C:\Users\Sujay\Desktop\META\back-end-developer-capstone\01_starting-the-project\01_project-info\01_02_course-syllabus_instructions.html","C:\Users\Sujay\Desktop\META-USEFUL\back-end-developer-capstone\01_starting-the-project\01_project-info\01_02_course-syllabus_instructions.html","4.97"
"back-end-developer-capstone","01_03_how-to-be-successful-in-this-course_instructions.html",".html","C:\Users\Sujay\Desktop\META\back-end-developer-capstone\01_starting-the-project\01_project-info\01_03_how-to-be-successful-in-this-course_instructions.html","C:\Users\Sujay\Desktop\META-USEFUL\back-end-developer-capstone\01_starting-the-project\01_project-info\01_03_how-to-be-successful-in-this-course_instructions.html","5.91"
"back-end-developer-capstone","01_04_checking-your-development-environment_instructions.html",".html","C:\Users\Sujay\Desktop\META\back-end-developer-capstone\01_starting-the-project\01_project-info\01_04_checking-your-development-environment_instructions.html","C:\Users\Sujay\Desktop\META-USEFUL\back-end-developer-capstone\01_starting-the-project\01_project-info\01_04_checking-your-development-environment_instructions.html","4.48"
"back-end-developer-capstone","01_05_additional-resources_instructions.html",".html","C:\Users\Sujay\Desktop\META\back-end-developer-capstone\01_starting-the-project\01_project-info\01_05_additional-resources_instructions.html","C:\Users\Sujay\Desktop\META-USEFUL\back-end-developer-capstone\01_starting-the-project\01_project-info\01_05_additional-resources_instructions.html","1.89"
"back-end-developer-capstone","02_01_setting-up-the-project.en.txt",".txt","C:\Users\Sujay\Desktop\META\back-end-developer-capstone\01_starting-the-project\02_setting-up-the-project\02_01_setting-up-the-project.en.txt","C:\Users\Sujay\Desktop\META-USEFUL\back-end-developer-capstone\01_starting-the-project\02_setting-up-the-project\02_01_setting-up-the-project.en.txt","2.64"
"back-end-developer-capstone","02_02_recap-version-control_instructions.html",".html","C:\Users\Sujay\Desktop\META\back-end-developer-capstone\01_starting-the-project\02_setting-up-the-project\02_02_recap-version-control_instructions.html","C:\Users\Sujay\Desktop\META-USEFUL\back-end-developer-capstone\01_starting-the-project\02_setting-up-the-project\02_02_recap-version-control_instructions.html","5.5"
"back-end-developer-capstone","02_03_exercise-setting-up-the-repository_instructions.html",".html","C:\Users\Sujay\Desktop\META\back-end-developer-capstone\01_starting-the-project\02_setting-up-the-project\02_03_exercise-setting-up-the-repository_instructions.html","C:\Users\Sujay\Desktop\META-USEFUL\back-end-developer-capstone\01_starting-the-project\02_setting-up-the-project\02_03_exercise-setting-up-the-repository_instructions.html","131.06"
"back-end-developer-capstone","02_04_recap-django-set-up_instructions.html",".html","C:\Users\Sujay\Desktop\META\back-end-developer-capstone\01_starting-the-project\02_setting-up-the-project\02_04_recap-django-set-up_instructions.html","C:\Users\Sujay\Desktop\META-USEFUL\back-end-developer-capstone\01_starting-the-project\02_setting-up-the-project\02_04_recap-django-set-up_instructions.html","176.81"
"back-end-developer-capstone","02_05_exercise-setting-up-the-django-project_instructions.html",".html","C:\Users\Sujay\Desktop\META\back-end-developer-capstone\01_starting-the-project\02_setting-up-the-project\02_05_exercise-setting-up-the-django-project_instructions.html","C:\Users\Sujay\Desktop\META-USEFUL\back-end-developer-capstone\01_starting-the-project\02_setting-up-the-project\02_05_exercise-setting-up-the-django-project_instructions.html","232.27"
"back-end-developer-capstone","02_06_exercise-committing-the-project_instructions.html",".html","C:\Users\Sujay\Desktop\META\back-end-developer-capstone\01_starting-the-project\02_setting-up-the-project\02_06_exercise-committing-the-project_instructions.html","C:\Users\Sujay\Desktop\META-USEFUL\back-end-developer-capstone\01_starting-the-project\02_setting-up-the-project\02_06_exercise-committing-the-project_instructions.html","57.09"
"back-end-developer-capstone","02_07_additional-resources_instructions.html",".html","C:\Users\Sujay\Desktop\META\back-end-developer-capstone\01_starting-the-project\02_setting-up-the-project\02_07_additional-resources_instructions.html","C:\Users\Sujay\Desktop\META-USEFUL\back-end-developer-capstone\01_starting-the-project\02_setting-up-the-project\02_07_additional-resources_instructions.html","5.4"
"back-end-developer-capstone","03_01_what-you-know-about-urls-and-routes.en.txt",".txt","C:\Users\Sujay\Desktop\META\back-end-developer-capstone\01_starting-the-project\03_static-content\03_01_what-you-know-about-urls-and-routes.en.txt","C:\Users\Sujay\Desktop\META-USEFUL\back-end-developer-capstone\01_starting-the-project\03_static-content\03_01_what-you-know-about-urls-and-routes.en.txt","2.99"
"back-end-developer-capstone","03_02_recap-django-routes_instructions.html",".html","C:\Users\Sujay\Desktop\META\back-end-developer-capstone\01_starting-the-project\03_static-content\03_02_recap-django-routes_instructions.html","C:\Users\Sujay\Desktop\META-USEFUL\back-end-developer-capstone\01_starting-the-project\03_static-content\03_02_recap-django-routes_instructions.html","42.75"
"back-end-developer-capstone","03_03_exercise-setting-up-the-static-routes_instructions.html",".html","C:\Users\Sujay\Desktop\META\back-end-developer-capstone\01_starting-the-project\03_static-content\03_03_exercise-setting-up-the-static-routes_instructions.html","C:\Users\Sujay\Desktop\META-USEFUL\back-end-developer-capstone\01_starting-the-project\03_static-content\03_03_exercise-setting-up-the-static-routes_instructions.html","6.76"
"back-end-developer-capstone","03_04_module-summary.en.txt",".txt","C:\Users\Sujay\Desktop\META\back-end-developer-capstone\01_starting-the-project\03_static-content\03_04_module-summary.en.txt","C:\Users\Sujay\Desktop\META-USEFUL\back-end-developer-capstone\01_starting-the-project\03_static-content\03_04_module-summary.en.txt","1.47"
"back-end-developer-capstone","03_05_additional-resources_instructions.html",".html","C:\Users\Sujay\Desktop\META\back-end-developer-capstone\01_starting-the-project\03_static-content\03_05_additional-resources_instructions.html","C:\Users\Sujay\Desktop\META-USEFUL\back-end-developer-capstone\01_starting-the-project\03_static-content\03_05_additional-resources_instructions.html","3.87"
"back-end-developer-capstone","01_01_working-with-databases-and-models.en.txt",".txt","C:\Users\Sujay\Desktop\META\back-end-developer-capstone\02_project-functionality\01_models-and-stored-procedures\01_01_working-with-databases-and-models.en.txt","C:\Users\Sujay\Desktop\META-USEFUL\back-end-developer-capstone\02_project-functionality\01_models-and-stored-procedures\01_01_working-with-databases-and-models.en.txt","2.87"
"back-end-developer-capstone","01_02_recap-django-database-configuration-and-models_instructions.html",".html","C:\Users\Sujay\Desktop\META\back-end-developer-capstone\02_project-functionality\01_models-and-stored-procedures\01_02_recap-django-database-configuration-and-models_instructions.html","C:\Users\Sujay\Desktop\META-USEFUL\back-end-developer-capstone\02_project-functionality\01_models-and-stored-procedures\01_02_recap-django-database-configuration-and-models_instructions.html","105.24"
"back-end-developer-capstone","01_03_exercise-setting-up-the-mysql-connection_instructions.html",".html","C:\Users\Sujay\Desktop\META\back-end-developer-capstone\02_project-functionality\01_models-and-stored-procedures\01_03_exercise-setting-up-the-mysql-connection_instructions.html","C:\Users\Sujay\Desktop\META-USEFUL\back-end-developer-capstone\02_project-functionality\01_models-and-stored-procedures\01_03_exercise-setting-up-the-mysql-connection_instructions.html","538.62"
"back-end-developer-capstone","01_04_exercise-setting-up-the-models_instructions.html",".html","C:\Users\Sujay\Desktop\META\back-end-developer-capstone\02_project-functionality\01_models-and-stored-procedures\01_04_exercise-setting-up-the-models_instructions.html","C:\Users\Sujay\Desktop\META-USEFUL\back-end-developer-capstone\02_project-functionality\01_models-and-stored-procedures\01_04_exercise-setting-up-the-models_instructions.html","37.98"
"back-end-developer-capstone","01_05_additional-resources_instructions.html",".html","C:\Users\Sujay\Desktop\META\back-end-developer-capstone\02_project-functionality\01_models-and-stored-procedures\01_05_additional-resources_instructions.html","C:\Users\Sujay\Desktop\META-USEFUL\back-end-developer-capstone\02_project-functionality\01_models-and-stored-procedures\01_05_additional-resources_instructions.html","1.9"
"back-end-developer-capstone","02_01_building-an-api.en.txt",".txt","C:\Users\Sujay\Desktop\META\back-end-developer-capstone\02_project-functionality\02_adding-apis\02_01_building-an-api.en.txt","C:\Users\Sujay\Desktop\META-USEFUL\back-end-developer-capstone\02_project-functionality\02_adding-apis\02_01_building-an-api.en.txt","2.18"
"back-end-developer-capstone","02_02_recap-django-rest-framework_instructions.html",".html","C:\Users\Sujay\Desktop\META\back-end-developer-capstone\02_project-functionality\02_adding-apis\02_02_recap-django-rest-framework_instructions.html","C:\Users\Sujay\Desktop\META-USEFUL\back-end-developer-capstone\02_project-functionality\02_adding-apis\02_02_recap-django-rest-framework_instructions.html","158.86"
"back-end-developer-capstone","02_03_exercise-set-up-the-menu-api_instructions.html",".html","C:\Users\Sujay\Desktop\META\back-end-developer-capstone\02_project-functionality\02_adding-apis\02_03_exercise-set-up-the-menu-api_instructions.html","C:\Users\Sujay\Desktop\META-USEFUL\back-end-developer-capstone\02_project-functionality\02_adding-apis\02_03_exercise-set-up-the-menu-api_instructions.html","5.89"
"back-end-developer-capstone","02_04_exercise-set-up-the-table-booking-api_instructions.html",".html","C:\Users\Sujay\Desktop\META\back-end-developer-capstone\02_project-functionality\02_adding-apis\02_04_exercise-set-up-the-table-booking-api_instructions.html","C:\Users\Sujay\Desktop\META-USEFUL\back-end-developer-capstone\02_project-functionality\02_adding-apis\02_04_exercise-set-up-the-table-booking-api_instructions.html","4.27"
"back-end-developer-capstone","02_05_module-summary.en.txt",".txt","C:\Users\Sujay\Desktop\META\back-end-developer-capstone\02_project-functionality\02_adding-apis\02_05_module-summary.en.txt","C:\Users\Sujay\Desktop\META-USEFUL\back-end-developer-capstone\02_project-functionality\02_adding-apis\02_05_module-summary.en.txt","1.76"
"back-end-developer-capstone","02_06_additional-resources_instructions.html",".html","C:\Users\Sujay\Desktop\META\back-end-developer-capstone\02_project-functionality\02_adding-apis\02_06_additional-resources_instructions.html","C:\Users\Sujay\Desktop\META-USEFUL\back-end-developer-capstone\02_project-functionality\02_adding-apis\02_06_additional-resources_instructions.html","4.28"
"back-end-developer-capstone","01_01_securing-your-app.en.txt",".txt","C:\Users\Sujay\Desktop\META\back-end-developer-capstone\03_security-and-testing\01_user-authentication\01_01_securing-your-app.en.txt","C:\Users\Sujay\Desktop\META-USEFUL\back-end-developer-capstone\03_security-and-testing\01_user-authentication\01_01_securing-your-app.en.txt","2.85"
"back-end-developer-capstone","01_02_recap-user-authentication_instructions.html",".html","C:\Users\Sujay\Desktop\META\back-end-developer-capstone\03_security-and-testing\01_user-authentication\01_02_recap-user-authentication_instructions.html","C:\Users\Sujay\Desktop\META-USEFUL\back-end-developer-capstone\03_security-and-testing\01_user-authentication\01_02_recap-user-authentication_instructions.html","419.58"
"back-end-developer-capstone","01_03_exercise-add-the-registration-page_instructions.html",".html","C:\Users\Sujay\Desktop\META\back-end-developer-capstone\03_security-and-testing\01_user-authentication\01_03_exercise-add-the-registration-page_instructions.html","C:\Users\Sujay\Desktop\META-USEFUL\back-end-developer-capstone\03_security-and-testing\01_user-authentication\01_03_exercise-add-the-registration-page_instructions.html","97.46"
"back-end-developer-capstone","01_04_exercise-securing-the-table-booking-api_instructions.html",".html","C:\Users\Sujay\Desktop\META\back-end-developer-capstone\03_security-and-testing\01_user-authentication\01_04_exercise-securing-the-table-booking-api_instructions.html","C:\Users\Sujay\Desktop\META-USEFUL\back-end-developer-capstone\03_security-and-testing\01_user-authentication\01_04_exercise-securing-the-table-booking-api_instructions.html","4.65"
"back-end-developer-capstone","01_05_additional-resources_instructions.html",".html","C:\Users\Sujay\Desktop\META\back-end-developer-capstone\03_security-and-testing\01_user-authentication\01_05_additional-resources_instructions.html","C:\Users\Sujay\Desktop\META-USEFUL\back-end-developer-capstone\03_security-and-testing\01_user-authentication\01_05_additional-resources_instructions.html","2.55"
"back-end-developer-capstone","02_01_testing-your-application.en.txt",".txt","C:\Users\Sujay\Desktop\META\back-end-developer-capstone\03_security-and-testing\02_testing-the-api\02_01_testing-your-application.en.txt","C:\Users\Sujay\Desktop\META-USEFUL\back-end-developer-capstone\03_security-and-testing\02_testing-the-api\02_01_testing-your-application.en.txt","2.62"
"back-end-developer-capstone","02_02_recap-unit-testing_instructions.html",".html","C:\Users\Sujay\Desktop\META\back-end-developer-capstone\03_security-and-testing\02_testing-the-api\02_02_recap-unit-testing_instructions.html","C:\Users\Sujay\Desktop\META-USEFUL\back-end-developer-capstone\03_security-and-testing\02_testing-the-api\02_02_recap-unit-testing_instructions.html","4.58"
"back-end-developer-capstone","02_03_exercise-adding-unit-tests_instructions.html",".html","C:\Users\Sujay\Desktop\META\back-end-developer-capstone\03_security-and-testing\02_testing-the-api\02_03_exercise-adding-unit-tests_instructions.html","C:\Users\Sujay\Desktop\META-USEFUL\back-end-developer-capstone\03_security-and-testing\02_testing-the-api\02_03_exercise-adding-unit-tests_instructions.html","5.27"
"back-end-developer-capstone","02_04_recap-testing-your-api_instructions.html",".html","C:\Users\Sujay\Desktop\META\back-end-developer-capstone\03_security-and-testing\02_testing-the-api\02_04_recap-testing-your-api_instructions.html","C:\Users\Sujay\Desktop\META-USEFUL\back-end-developer-capstone\03_security-and-testing\02_testing-the-api\02_04_recap-testing-your-api_instructions.html","347.66"
"back-end-developer-capstone","02_05_exercise-testing-the-api-using-insomnia_instructions.html",".html","C:\Users\Sujay\Desktop\META\back-end-developer-capstone\03_security-and-testing\02_testing-the-api\02_05_exercise-testing-the-api-using-insomnia_instructions.html","C:\Users\Sujay\Desktop\META-USEFUL\back-end-developer-capstone\03_security-and-testing\02_testing-the-api\02_05_exercise-testing-the-api-using-insomnia_instructions.html","94.6"
"back-end-developer-capstone","02_06_module-summary.en.txt",".txt","C:\Users\Sujay\Desktop\META\back-end-developer-capstone\03_security-and-testing\02_testing-the-api\02_06_module-summary.en.txt","C:\Users\Sujay\Desktop\META-USEFUL\back-end-developer-capstone\03_security-and-testing\02_testing-the-api\02_06_module-summary.en.txt","1.65"
"back-end-developer-capstone","02_07_additional-resources_instructions.html",".html","C:\Users\Sujay\Desktop\META\back-end-developer-capstone\03_security-and-testing\02_testing-the-api\02_07_additional-resources_instructions.html","C:\Users\Sujay\Desktop\META-USEFUL\back-end-developer-capstone\03_security-and-testing\02_testing-the-api\02_07_additional-resources_instructions.html","1.62"
"back-end-developer-capstone","01_01_course-recap-for-capstone-project.en.txt",".txt","C:\Users\Sujay\Desktop\META\back-end-developer-capstone\04_project-assessment\01_final-project-assessment\01_01_course-recap-for-capstone-project.en.txt","C:\Users\Sujay\Desktop\META-USEFUL\back-end-developer-capstone\04_project-assessment\01_final-project-assessment\01_01_course-recap-for-capstone-project.en.txt","1.85"
"back-end-developer-capstone","01_02_about-the-final-project-assessment_instructions.html",".html","C:\Users\Sujay\Desktop\META\back-end-developer-capstone\04_project-assessment\01_final-project-assessment\01_02_about-the-final-project-assessment_instructions.html","C:\Users\Sujay\Desktop\META-USEFUL\back-end-developer-capstone\04_project-assessment\01_final-project-assessment\01_02_about-the-final-project-assessment_instructions.html","2.98"
"back-end-developer-capstone","02_01_congratulations-you-have-completed-the-capstone-project.en.txt",".txt","C:\Users\Sujay\Desktop\META\back-end-developer-capstone\04_project-assessment\02_course-wrap-up\02_01_congratulations-you-have-completed-the-capstone-project.en.txt","C:\Users\Sujay\Desktop\META-USEFUL\back-end-developer-capstone\04_project-assessment\02_course-wrap-up\02_01_congratulations-you-have-completed-the-capstone-project.en.txt","3.09"
"back-end-developer-capstone","02_02_next-steps_instructions.html",".html","C:\Users\Sujay\Desktop\META\back-end-developer-capstone\04_project-assessment\02_course-wrap-up\02_02_next-steps_instructions.html","C:\Users\Sujay\Desktop\META-USEFUL\back-end-developer-capstone\04_project-assessment\02_course-wrap-up\02_02_next-steps_instructions.html","2.92"
"coding-interview-preparation","01_01_introduction-to-the-course.en.txt",".txt","C:\Users\Sujay\Desktop\META\coding-interview-preparation\01_introduction-to-the-coding-interview\01_course-introduction\01_01_introduction-to-the-course.en.txt","C:\Users\Sujay\Desktop\META-USEFUL\coding-interview-preparation\01_introduction-to-the-coding-interview\01_course-introduction\01_01_introduction-to-the-course.en.txt","3.78"
"coding-interview-preparation","01_02_introduction-to-the-technical-recruitment-process.en.txt",".txt","C:\Users\Sujay\Desktop\META\coding-interview-preparation\01_introduction-to-the-coding-interview\01_course-introduction\01_02_introduction-to-the-technical-recruitment-process.en.txt","C:\Users\Sujay\Desktop\META-USEFUL\coding-interview-preparation\01_introduction-to-the-coding-interview\01_course-introduction\01_02_introduction-to-the-technical-recruitment-process.en.txt","7.54"
"coding-interview-preparation","01_03_course-syllabus_instructions.html",".html","C:\Users\Sujay\Desktop\META\coding-interview-preparation\01_introduction-to-the-coding-interview\01_course-introduction\01_03_course-syllabus_instructions.html","C:\Users\Sujay\Desktop\META-USEFUL\coding-interview-preparation\01_introduction-to-the-coding-interview\01_course-introduction\01_03_course-syllabus_instructions.html","5.02"
"coding-interview-preparation","01_04_how-to-be-successful-in-this-course_instructions.html",".html","C:\Users\Sujay\Desktop\META\coding-interview-preparation\01_introduction-to-the-coding-interview\01_course-introduction\01_04_how-to-be-successful-in-this-course_instructions.html","C:\Users\Sujay\Desktop\META-USEFUL\coding-interview-preparation\01_introduction-to-the-coding-interview\01_course-introduction\01_04_how-to-be-successful-in-this-course_instructions.html","5.96"
"coding-interview-preparation","01_05_additional-resources_instructions.html",".html","C:\Users\Sujay\Desktop\META\coding-interview-preparation\01_introduction-to-the-coding-interview\01_course-introduction\01_05_additional-resources_instructions.html","C:\Users\Sujay\Desktop\META-USEFUL\coding-interview-preparation\01_introduction-to-the-coding-interview\01_course-introduction\01_05_additional-resources_instructions.html","1.63"
"coding-interview-preparation","02_01_what-is-a-coding-interview.en.txt",".txt","C:\Users\Sujay\Desktop\META\coding-interview-preparation\01_introduction-to-the-coding-interview\02_the-coding-interview\02_01_what-is-a-coding-interview.en.txt","C:\Users\Sujay\Desktop\META-USEFUL\coding-interview-preparation\01_introduction-to-the-coding-interview\02_the-coding-interview\02_01_what-is-a-coding-interview.en.txt","6.43"
"coding-interview-preparation","02_02_interview-types-you-might-expect_instructions.html",".html","C:\Users\Sujay\Desktop\META\coding-interview-preparation\01_introduction-to-the-coding-interview\02_the-coding-interview\02_02_interview-types-you-might-expect_instructions.html","C:\Users\Sujay\Desktop\META-USEFUL\coding-interview-preparation\01_introduction-to-the-coding-interview\02_the-coding-interview\02_02_interview-types-you-might-expect_instructions.html","10.33"
"coding-interview-preparation","02_03_communication.en.txt",".txt","C:\Users\Sujay\Desktop\META\coding-interview-preparation\01_introduction-to-the-coding-interview\02_the-coding-interview\02_03_communication.en.txt","C:\Users\Sujay\Desktop\META-USEFUL\coding-interview-preparation\01_introduction-to-the-coding-interview\02_the-coding-interview\02_03_communication.en.txt","5.21"
"coding-interview-preparation","02_04_what-to-expect-from-a-technical-interview.en.txt",".txt","C:\Users\Sujay\Desktop\META\coding-interview-preparation\01_introduction-to-the-coding-interview\02_the-coding-interview\02_04_what-to-expect-from-a-technical-interview.en.txt","C:\Users\Sujay\Desktop\META-USEFUL\coding-interview-preparation\01_introduction-to-the-coding-interview\02_the-coding-interview\02_04_what-to-expect-from-a-technical-interview.en.txt","7.16"
"coding-interview-preparation","02_05_pseudocode-step-by-step_instructions.html",".html","C:\Users\Sujay\Desktop\META\coding-interview-preparation\01_introduction-to-the-coding-interview\02_the-coding-interview\02_05_pseudocode-step-by-step_instructions.html","C:\Users\Sujay\Desktop\META-USEFUL\coding-interview-preparation\01_introduction-to-the-coding-interview\02_the-coding-interview\02_05_pseudocode-step-by-step_instructions.html","119.84"
"coding-interview-preparation","02_06_interview-tips_instructions.html",".html","C:\Users\Sujay\Desktop\META\coding-interview-preparation\01_introduction-to-the-coding-interview\02_the-coding-interview\02_06_interview-tips_instructions.html","C:\Users\Sujay\Desktop\META-USEFUL\coding-interview-preparation\01_introduction-to-the-coding-interview\02_the-coding-interview\02_06_interview-tips_instructions.html","7.76"
"coding-interview-preparation","02_07_testing-your-solution_instructions.html",".html","C:\Users\Sujay\Desktop\META\coding-interview-preparation\01_introduction-to-the-coding-interview\02_the-coding-interview\02_07_testing-your-solution_instructions.html","C:\Users\Sujay\Desktop\META-USEFUL\coding-interview-preparation\01_introduction-to-the-coding-interview\02_the-coding-interview\02_07_testing-your-solution_instructions.html","137.72"
"coding-interview-preparation","02_08_additional-resources_instructions.html",".html","C:\Users\Sujay\Desktop\META\coding-interview-preparation\01_introduction-to-the-coding-interview\02_the-coding-interview\02_08_additional-resources_instructions.html","C:\Users\Sujay\Desktop\META-USEFUL\coding-interview-preparation\01_introduction-to-the-coding-interview\02_the-coding-interview\02_08_additional-resources_instructions.html","1.84"
"coding-interview-preparation","03_01_binary.en.txt",".txt","C:\Users\Sujay\Desktop\META\coding-interview-preparation\01_introduction-to-the-coding-interview\03_introduction-to-computer-science\03_01_binary.en.txt","C:\Users\Sujay\Desktop\META-USEFUL\coding-interview-preparation\01_introduction-to-the-coding-interview\03_introduction-to-computer-science\03_01_binary.en.txt","5.04"
"coding-interview-preparation","03_02_working-in-binary_instructions.html",".html","C:\Users\Sujay\Desktop\META\coding-interview-preparation\01_introduction-to-the-coding-interview\03_introduction-to-computer-science\03_02_working-in-binary_instructions.html","C:\Users\Sujay\Desktop\META-USEFUL\coding-interview-preparation\01_introduction-to-the-coding-interview\03_introduction-to-computer-science\03_02_working-in-binary_instructions.html","1598.04"
"coding-interview-preparation","03_03_memory.en.txt",".txt","C:\Users\Sujay\Desktop\META\coding-interview-preparation\01_introduction-to-the-coding-interview\03_introduction-to-computer-science\03_03_memory.en.txt","C:\Users\Sujay\Desktop\META-USEFUL\coding-interview-preparation\01_introduction-to-the-coding-interview\03_introduction-to-computer-science\03_03_memory.en.txt","4.92"
"coding-interview-preparation","03_04_defining-solutions_instructions.html",".html","C:\Users\Sujay\Desktop\META\coding-interview-preparation\01_introduction-to-the-coding-interview\03_introduction-to-computer-science\03_04_defining-solutions_instructions.html","C:\Users\Sujay\Desktop\META-USEFUL\coding-interview-preparation\01_introduction-to-the-coding-interview\03_introduction-to-computer-science\03_04_defining-solutions_instructions.html","1713.16"
"coding-interview-preparation","03_05_time-complexity.en.txt",".txt","C:\Users\Sujay\Desktop\META\coding-interview-preparation\01_introduction-to-the-coding-interview\03_introduction-to-computer-science\03_05_time-complexity.en.txt","C:\Users\Sujay\Desktop\META-USEFUL\coding-interview-preparation\01_introduction-to-the-coding-interview\03_introduction-to-computer-science\03_05_time-complexity.en.txt","5.78"
"coding-interview-preparation","03_06_working-with-time-complexity_instructions.html",".html","C:\Users\Sujay\Desktop\META\coding-interview-preparation\01_introduction-to-the-coding-interview\03_introduction-to-computer-science\03_06_working-with-time-complexity_instructions.html","C:\Users\Sujay\Desktop\META-USEFUL\coding-interview-preparation\01_introduction-to-the-coding-interview\03_introduction-to-computer-science\03_06_working-with-time-complexity_instructions.html","620.16"
"coding-interview-preparation","03_07_space-complexity.en.txt",".txt","C:\Users\Sujay\Desktop\META\coding-interview-preparation\01_introduction-to-the-coding-interview\03_introduction-to-computer-science\03_07_space-complexity.en.txt","C:\Users\Sujay\Desktop\META-USEFUL\coding-interview-preparation\01_introduction-to-the-coding-interview\03_introduction-to-computer-science\03_07_space-complexity.en.txt","4.17"
"coding-interview-preparation","03_08_module-summary-introduction-to-the-coding-interview.en.txt",".txt","C:\Users\Sujay\Desktop\META\coding-interview-preparation\01_introduction-to-the-coding-interview\03_introduction-to-computer-science\03_08_module-summary-introduction-to-the-coding-interview.en.txt","C:\Users\Sujay\Desktop\META-USEFUL\coding-interview-preparation\01_introduction-to-the-coding-interview\03_introduction-to-computer-science\03_08_module-summary-introduction-to-the-coding-interview.en.txt","5.13"
"coding-interview-preparation","03_09_additional-resources_instructions.html",".html","C:\Users\Sujay\Desktop\META\coding-interview-preparation\01_introduction-to-the-coding-interview\03_introduction-to-computer-science\03_09_additional-resources_instructions.html","C:\Users\Sujay\Desktop\META-USEFUL\coding-interview-preparation\01_introduction-to-the-coding-interview\03_introduction-to-computer-science\03_09_additional-resources_instructions.html","1.81"
"coding-interview-preparation","03_09_additional-resources_lecture2.html",".html","C:\Users\Sujay\Desktop\META\coding-interview-preparation\01_introduction-to-the-coding-interview\03_introduction-to-computer-science\03_09_additional-resources_lecture2.html","C:\Users\Sujay\Desktop\META-USEFUL\coding-interview-preparation\01_introduction-to-the-coding-interview\03_introduction-to-computer-science\03_09_additional-resources_lecture2.html","19.82"
"coding-interview-preparation","01_01_basic-data-structures.en.txt",".txt","C:\Users\Sujay\Desktop\META\coding-interview-preparation\02_introduction-to-data-structures\01_basic-data-structures\01_01_basic-data-structures.en.txt","C:\Users\Sujay\Desktop\META-USEFUL\coding-interview-preparation\02_introduction-to-data-structures\01_basic-data-structures\01_01_basic-data-structures.en.txt","5.78"
"coding-interview-preparation","01_02_strings_instructions.html",".html","C:\Users\Sujay\Desktop\META\coding-interview-preparation\02_introduction-to-data-structures\01_basic-data-structures\01_02_strings_instructions.html","C:\Users\Sujay\Desktop\META-USEFUL\coding-interview-preparation\02_introduction-to-data-structures\01_basic-data-structures\01_02_strings_instructions.html","42.73"
"coding-interview-preparation","01_03_integers_instructions.html",".html","C:\Users\Sujay\Desktop\META\coding-interview-preparation\02_introduction-to-data-structures\01_basic-data-structures\01_03_integers_instructions.html","C:\Users\Sujay\Desktop\META-USEFUL\coding-interview-preparation\02_introduction-to-data-structures\01_basic-data-structures\01_03_integers_instructions.html","5.91"
"coding-interview-preparation","01_04_booleans_instructions.html",".html","C:\Users\Sujay\Desktop\META\coding-interview-preparation\02_introduction-to-data-structures\01_basic-data-structures\01_04_booleans_instructions.html","C:\Users\Sujay\Desktop\META-USEFUL\coding-interview-preparation\02_introduction-to-data-structures\01_basic-data-structures\01_04_booleans_instructions.html","738.4"
"coding-interview-preparation","01_05_arrays_instructions.html",".html","C:\Users\Sujay\Desktop\META\coding-interview-preparation\02_introduction-to-data-structures\01_basic-data-structures\01_05_arrays_instructions.html","C:\Users\Sujay\Desktop\META-USEFUL\coding-interview-preparation\02_introduction-to-data-structures\01_basic-data-structures\01_05_arrays_instructions.html","7.81"
"coding-interview-preparation","01_06_objects_instructions.html",".html","C:\Users\Sujay\Desktop\META\coding-interview-preparation\02_introduction-to-data-structures\01_basic-data-structures\01_06_objects_instructions.html","C:\Users\Sujay\Desktop\META-USEFUL\coding-interview-preparation\02_introduction-to-data-structures\01_basic-data-structures\01_06_objects_instructions.html","142.14"
"coding-interview-preparation","01_07_additional-resources_arrays.html",".html","C:\Users\Sujay\Desktop\META\coding-interview-preparation\02_introduction-to-data-structures\01_basic-data-structures\01_07_additional-resources_arrays.html","C:\Users\Sujay\Desktop\META-USEFUL\coding-interview-preparation\02_introduction-to-data-structures\01_basic-data-structures\01_07_additional-resources_arrays.html","7.66"
"coding-interview-preparation","01_07_additional-resources_instructions.html",".html","C:\Users\Sujay\Desktop\META\coding-interview-preparation\02_introduction-to-data-structures\01_basic-data-structures\01_07_additional-resources_instructions.html","C:\Users\Sujay\Desktop\META-USEFUL\coding-interview-preparation\02_introduction-to-data-structures\01_basic-data-structures\01_07_additional-resources_instructions.html","1.85"
"coding-interview-preparation","02_01_lists-and-sets.en.txt",".txt","C:\Users\Sujay\Desktop\META\coding-interview-preparation\02_introduction-to-data-structures\02_collection-data-structures\02_01_lists-and-sets.en.txt","C:\Users\Sujay\Desktop\META-USEFUL\coding-interview-preparation\02_introduction-to-data-structures\02_collection-data-structures\02_01_lists-and-sets.en.txt","5.24"
"coding-interview-preparation","02_02_lists-and-sets-in-different-programming-languages_instructions.html",".html","C:\Users\Sujay\Desktop\META\coding-interview-preparation\02_introduction-to-data-structures\02_collection-data-structures\02_02_lists-and-sets-in-different-programming-languages_instructions.html","C:\Users\Sujay\Desktop\META-USEFUL\coding-interview-preparation\02_introduction-to-data-structures\02_collection-data-structures\02_02_lists-and-sets-in-different-programming-languages_instructions.html","5.86"
"coding-interview-preparation","02_03_stacks-and-queues.en.txt",".txt","C:\Users\Sujay\Desktop\META\coding-interview-preparation\02_introduction-to-data-structures\02_collection-data-structures\02_03_stacks-and-queues.en.txt","C:\Users\Sujay\Desktop\META-USEFUL\coding-interview-preparation\02_introduction-to-data-structures\02_collection-data-structures\02_03_stacks-and-queues.en.txt","4.45"
"coding-interview-preparation","02_04_stacks-and-queues-in-different-programming-languages_instructions.html",".html","C:\Users\Sujay\Desktop\META\coding-interview-preparation\02_introduction-to-data-structures\02_collection-data-structures\02_04_stacks-and-queues-in-different-programming-languages_instructions.html","C:\Users\Sujay\Desktop\META-USEFUL\coding-interview-preparation\02_introduction-to-data-structures\02_collection-data-structures\02_04_stacks-and-queues-in-different-programming-languages_instructions.html","6.01"
"coding-interview-preparation","02_05_trees.en.txt",".txt","C:\Users\Sujay\Desktop\META\coding-interview-preparation\02_introduction-to-data-structures\02_collection-data-structures\02_05_trees.en.txt","C:\Users\Sujay\Desktop\META-USEFUL\coding-interview-preparation\02_introduction-to-data-structures\02_collection-data-structures\02_05_trees.en.txt","4.49"
"coding-interview-preparation","02_06_trees-in-different-programming-languages_instructions.html",".html","C:\Users\Sujay\Desktop\META\coding-interview-preparation\02_introduction-to-data-structures\02_collection-data-structures\02_06_trees-in-different-programming-languages_instructions.html","C:\Users\Sujay\Desktop\META-USEFUL\coding-interview-preparation\02_introduction-to-data-structures\02_collection-data-structures\02_06_trees-in-different-programming-languages_instructions.html","5.28"
"coding-interview-preparation","02_07_additional-resources_2_Array_Based_Lists.html",".html","C:\Users\Sujay\Desktop\META\coding-interview-preparation\02_introduction-to-data-structures\02_collection-data-structures\02_07_additional-resources_2_Array_Based_Lists.html","C:\Users\Sujay\Desktop\META-USEFUL\coding-interview-preparation\02_introduction-to-data-structures\02_collection-data-structures\02_07_additional-resources_2_Array_Based_Lists.html","15.13"
"coding-interview-preparation","02_07_additional-resources_csharp_collections.htm",".htm","C:\Users\Sujay\Desktop\META\coding-interview-preparation\02_introduction-to-data-structures\02_collection-data-structures\02_07_additional-resources_csharp_collections.htm","C:\Users\Sujay\Desktop\META-USEFUL\coding-interview-preparation\02_introduction-to-data-structures\02_collection-data-structures\02_07_additional-resources_csharp_collections.htm","44.34"
"coding-interview-preparation","02_07_additional-resources_instructions.html",".html","C:\Users\Sujay\Desktop\META\coding-interview-preparation\02_introduction-to-data-structures\02_collection-data-structures\02_07_additional-resources_instructions.html","C:\Users\Sujay\Desktop\META-USEFUL\coding-interview-preparation\02_introduction-to-data-structures\02_collection-data-structures\02_07_additional-resources_instructions.html","2.81"
"coding-interview-preparation","03_01_hash-tables.en.txt",".txt","C:\Users\Sujay\Desktop\META\coding-interview-preparation\02_introduction-to-data-structures\03_advanced-data-structures\03_01_hash-tables.en.txt","C:\Users\Sujay\Desktop\META-USEFUL\coding-interview-preparation\02_introduction-to-data-structures\03_advanced-data-structures\03_01_hash-tables.en.txt","5.86"
"coding-interview-preparation","03_02_hash-tables-in-different-programming-languages_instructions.html",".html","C:\Users\Sujay\Desktop\META\coding-interview-preparation\02_introduction-to-data-structures\03_advanced-data-structures\03_02_hash-tables-in-different-programming-languages_instructions.html","C:\Users\Sujay\Desktop\META-USEFUL\coding-interview-preparation\02_introduction-to-data-structures\03_advanced-data-structures\03_02_hash-tables-in-different-programming-languages_instructions.html","5.73"
"coding-interview-preparation","03_03_heaps.en.txt",".txt","C:\Users\Sujay\Desktop\META\coding-interview-preparation\02_introduction-to-data-structures\03_advanced-data-structures\03_03_heaps.en.txt","C:\Users\Sujay\Desktop\META-USEFUL\coding-interview-preparation\02_introduction-to-data-structures\03_advanced-data-structures\03_03_heaps.en.txt","4.56"
"coding-interview-preparation","03_04_graphs.en.txt",".txt","C:\Users\Sujay\Desktop\META\coding-interview-preparation\02_introduction-to-data-structures\03_advanced-data-structures\03_04_graphs.en.txt","C:\Users\Sujay\Desktop\META-USEFUL\coding-interview-preparation\02_introduction-to-data-structures\03_advanced-data-structures\03_04_graphs.en.txt","4.47"
"coding-interview-preparation","03_05_heaps-and-graphs-in-different-programming-languages_instructions.html",".html","C:\Users\Sujay\Desktop\META\coding-interview-preparation\02_introduction-to-data-structures\03_advanced-data-structures\03_05_heaps-and-graphs-in-different-programming-languages_instructions.html","C:\Users\Sujay\Desktop\META-USEFUL\coding-interview-preparation\02_introduction-to-data-structures\03_advanced-data-structures\03_05_heaps-and-graphs-in-different-programming-languages_instructions.html","4.97"
"coding-interview-preparation","03_06_module-summary-introduction-to-data-structures.en.txt",".txt","C:\Users\Sujay\Desktop\META\coding-interview-preparation\02_introduction-to-data-structures\03_advanced-data-structures\03_06_module-summary-introduction-to-data-structures.en.txt","C:\Users\Sujay\Desktop\META-USEFUL\coding-interview-preparation\02_introduction-to-data-structures\03_advanced-data-structures\03_06_module-summary-introduction-to-data-structures.en.txt","6.56"
"coding-interview-preparation","03_07_additional-resources_heaps.html",".html","C:\Users\Sujay\Desktop\META\coding-interview-preparation\02_introduction-to-data-structures\03_advanced-data-structures\03_07_additional-resources_heaps.html","C:\Users\Sujay\Desktop\META-USEFUL\coding-interview-preparation\02_introduction-to-data-structures\03_advanced-data-structures\03_07_additional-resources_heaps.html","6.99"
"coding-interview-preparation","03_07_additional-resources_instructions.html",".html","C:\Users\Sujay\Desktop\META\coding-interview-preparation\02_introduction-to-data-structures\03_advanced-data-structures\03_07_additional-resources_instructions.html","C:\Users\Sujay\Desktop\META-USEFUL\coding-interview-preparation\02_introduction-to-data-structures\03_advanced-data-structures\03_07_additional-resources_instructions.html","1.83"
"coding-interview-preparation","01_01_sorting-algorithms.en.txt",".txt","C:\Users\Sujay\Desktop\META\coding-interview-preparation\03_introduction-to-algorithms\01_sorting-and-searching\01_01_sorting-algorithms.en.txt","C:\Users\Sujay\Desktop\META-USEFUL\coding-interview-preparation\03_introduction-to-algorithms\01_sorting-and-searching\01_01_sorting-algorithms.en.txt","6.41"
"coding-interview-preparation","01_02_time-and-space-complexity-in-sorting-algorithms_instructions.html",".html","C:\Users\Sujay\Desktop\META\coding-interview-preparation\03_introduction-to-algorithms\01_sorting-and-searching\01_02_time-and-space-complexity-in-sorting-algorithms_instructions.html","C:\Users\Sujay\Desktop\META-USEFUL\coding-interview-preparation\03_introduction-to-algorithms\01_sorting-and-searching\01_02_time-and-space-complexity-in-sorting-algorithms_instructions.html","12.62"
"coding-interview-preparation","01_03_searching-algorithms.en.txt",".txt","C:\Users\Sujay\Desktop\META\coding-interview-preparation\03_introduction-to-algorithms\01_sorting-and-searching\01_03_searching-algorithms.en.txt","C:\Users\Sujay\Desktop\META-USEFUL\coding-interview-preparation\03_introduction-to-algorithms\01_sorting-and-searching\01_03_searching-algorithms.en.txt","4.27"
"coding-interview-preparation","01_04_time-and-space-complexity-in-search-algorithms_instructions.html",".html","C:\Users\Sujay\Desktop\META\coding-interview-preparation\03_introduction-to-algorithms\01_sorting-and-searching\01_04_time-and-space-complexity-in-search-algorithms_instructions.html","C:\Users\Sujay\Desktop\META-USEFUL\coding-interview-preparation\03_introduction-to-algorithms\01_sorting-and-searching\01_04_time-and-space-complexity-in-search-algorithms_instructions.html","1026.81"
"coding-interview-preparation","01_05_additional-resources_instructions.html",".html","C:\Users\Sujay\Desktop\META\coding-interview-preparation\03_introduction-to-algorithms\01_sorting-and-searching\01_05_additional-resources_instructions.html","C:\Users\Sujay\Desktop\META-USEFUL\coding-interview-preparation\03_introduction-to-algorithms\01_sorting-and-searching\01_05_additional-resources_instructions.html","1.82"
"coding-interview-preparation","02_01_divide-and-conquer.en.txt",".txt","C:\Users\Sujay\Desktop\META\coding-interview-preparation\03_introduction-to-algorithms\02_working-with-algorithms\02_01_divide-and-conquer.en.txt","C:\Users\Sujay\Desktop\META-USEFUL\coding-interview-preparation\03_introduction-to-algorithms\02_working-with-algorithms\02_01_divide-and-conquer.en.txt","3.98"
"coding-interview-preparation","02_02_recursion.en.txt",".txt","C:\Users\Sujay\Desktop\META\coding-interview-preparation\03_introduction-to-algorithms\02_working-with-algorithms\02_02_recursion.en.txt","C:\Users\Sujay\Desktop\META-USEFUL\coding-interview-preparation\03_introduction-to-algorithms\02_working-with-algorithms\02_02_recursion.en.txt","4.62"
"coding-interview-preparation","02_03_dynamic-programming.en.txt",".txt","C:\Users\Sujay\Desktop\META\coding-interview-preparation\03_introduction-to-algorithms\02_working-with-algorithms\02_03_dynamic-programming.en.txt","C:\Users\Sujay\Desktop\META-USEFUL\coding-interview-preparation\03_introduction-to-algorithms\02_working-with-algorithms\02_03_dynamic-programming.en.txt","5.04"
"coding-interview-preparation","02_04_greedy-algorithms.en.txt",".txt","C:\Users\Sujay\Desktop\META\coding-interview-preparation\03_introduction-to-algorithms\02_working-with-algorithms\02_04_greedy-algorithms.en.txt","C:\Users\Sujay\Desktop\META-USEFUL\coding-interview-preparation\03_introduction-to-algorithms\02_working-with-algorithms\02_04_greedy-algorithms.en.txt","4.61"
"coding-interview-preparation","02_05_module-summary-introduction-to-algorithms.en.txt",".txt","C:\Users\Sujay\Desktop\META\coding-interview-preparation\03_introduction-to-algorithms\02_working-with-algorithms\02_05_module-summary-introduction-to-algorithms.en.txt","C:\Users\Sujay\Desktop\META-USEFUL\coding-interview-preparation\03_introduction-to-algorithms\02_working-with-algorithms\02_05_module-summary-introduction-to-algorithms.en.txt","3.67"
"coding-interview-preparation","02_06_additional-resources_index.html",".html","C:\Users\Sujay\Desktop\META\coding-interview-preparation\03_introduction-to-algorithms\02_working-with-algorithms\02_06_additional-resources_index.html","C:\Users\Sujay\Desktop\META-USEFUL\coding-interview-preparation\03_introduction-to-algorithms\02_working-with-algorithms\02_06_additional-resources_index.html","87.09"
"coding-interview-preparation","02_06_additional-resources_instructions.html",".html","C:\Users\Sujay\Desktop\META\coding-interview-preparation\03_introduction-to-algorithms\02_working-with-algorithms\02_06_additional-resources_instructions.html","C:\Users\Sujay\Desktop\META-USEFUL\coding-interview-preparation\03_introduction-to-algorithms\02_working-with-algorithms\02_06_additional-resources_instructions.html","2.01"
"coding-interview-preparation","01_01_course-recap.en.txt",".txt","C:\Users\Sujay\Desktop\META\coding-interview-preparation\04_final-project\01_final-graded-assessment\01_01_course-recap.en.txt","C:\Users\Sujay\Desktop\META-USEFUL\coding-interview-preparation\04_final-project\01_final-graded-assessment\01_01_course-recap.en.txt","7.19"
"coding-interview-preparation","01_02_about-the-final-graded-assessment_instructions.html",".html","C:\Users\Sujay\Desktop\META\coding-interview-preparation\04_final-project\01_final-graded-assessment\01_02_about-the-final-graded-assessment_instructions.html","C:\Users\Sujay\Desktop\META-USEFUL\coding-interview-preparation\04_final-project\01_final-graded-assessment\01_02_about-the-final-graded-assessment_instructions.html","1.98"
"coding-interview-preparation","02_01_course-wrap-up.en.txt",".txt","C:\Users\Sujay\Desktop\META\coding-interview-preparation\04_final-project\02_course-wrap-up\02_01_course-wrap-up.en.txt","C:\Users\Sujay\Desktop\META-USEFUL\coding-interview-preparation\04_final-project\02_course-wrap-up\02_01_course-wrap-up.en.txt","2.13"
"coding-interview-preparation","02_02_next-steps_instructions.html",".html","C:\Users\Sujay\Desktop\META\coding-interview-preparation\04_final-project\02_course-wrap-up\02_02_next-steps_instructions.html","C:\Users\Sujay\Desktop\META-USEFUL\coding-interview-preparation\04_final-project\02_course-wrap-up\02_02_next-steps_instructions.html","2.68"
"django-web-framework","01_01_introduction-to-django-web-framework.en.txt",".txt","C:\Users\Sujay\Desktop\META\django-web-framework\01_introduction-to-django\01_course-introduction\01_01_introduction-to-django-web-framework.en.txt","C:\Users\Sujay\Desktop\META-USEFUL\django-web-framework\01_introduction-to-django\01_course-introduction\01_01_introduction-to-django-web-framework.en.txt","6.55"
"django-web-framework","01_02_what-is-django.en.txt",".txt","C:\Users\Sujay\Desktop\META\django-web-framework\01_introduction-to-django\01_course-introduction\01_02_what-is-django.en.txt","C:\Users\Sujay\Desktop\META-USEFUL\django-web-framework\01_introduction-to-django\01_course-introduction\01_02_what-is-django.en.txt","5.44"
"django-web-framework","01_03_how-is-django-used-in-the-real-world.en.txt",".txt","C:\Users\Sujay\Desktop\META\django-web-framework\01_introduction-to-django\01_course-introduction\01_03_how-is-django-used-in-the-real-world.en.txt","C:\Users\Sujay\Desktop\META-USEFUL\django-web-framework\01_introduction-to-django\01_course-introduction\01_03_how-is-django-used-in-the-real-world.en.txt","3.41"
"django-web-framework","01_04_course-syllabus_instructions.html",".html","C:\Users\Sujay\Desktop\META\django-web-framework\01_introduction-to-django\01_course-introduction\01_04_course-syllabus_instructions.html","C:\Users\Sujay\Desktop\META-USEFUL\django-web-framework\01_introduction-to-django\01_course-introduction\01_04_course-syllabus_instructions.html","9.01"
"django-web-framework","01_05_how-to-be-successful-in-this-course_instructions.html",".html","C:\Users\Sujay\Desktop\META\django-web-framework\01_introduction-to-django\01_course-introduction\01_05_how-to-be-successful-in-this-course_instructions.html","C:\Users\Sujay\Desktop\META-USEFUL\django-web-framework\01_introduction-to-django\01_course-introduction\01_05_how-to-be-successful-in-this-course_instructions.html","5.92"
"django-web-framework","01_06_installing-python-optional-for-windows-users_instructions.html",".html","C:\Users\Sujay\Desktop\META\django-web-framework\01_introduction-to-django\01_course-introduction\01_06_installing-python-optional-for-windows-users_instructions.html","C:\Users\Sujay\Desktop\META-USEFUL\django-web-framework\01_introduction-to-django\01_course-introduction\01_06_installing-python-optional-for-windows-users_instructions.html","2972.71"
"django-web-framework","01_07_installing-python-optional-for-mac-users_instructions.html",".html","C:\Users\Sujay\Desktop\META\django-web-framework\01_introduction-to-django\01_course-introduction\01_07_installing-python-optional-for-mac-users_instructions.html","C:\Users\Sujay\Desktop\META-USEFUL\django-web-framework\01_introduction-to-django\01_course-introduction\01_07_installing-python-optional-for-mac-users_instructions.html","2411.44"
"django-web-framework","01_08_setting-up-a-project-in-vs-code_instructions.html",".html","C:\Users\Sujay\Desktop\META\django-web-framework\01_introduction-to-django\01_course-introduction\01_08_setting-up-a-project-in-vs-code_instructions.html","C:\Users\Sujay\Desktop\META-USEFUL\django-web-framework\01_introduction-to-django\01_course-introduction\01_08_setting-up-a-project-in-vs-code_instructions.html","7200.01"
"django-web-framework","01_09_working-with-virtual-environments-on-your-local-machine_instructions.html",".html","C:\Users\Sujay\Desktop\META\django-web-framework\01_introduction-to-django\01_course-introduction\01_09_working-with-virtual-environments-on-your-local-machine_instructions.html","C:\Users\Sujay\Desktop\META-USEFUL\django-web-framework\01_introduction-to-django\01_course-introduction\01_09_working-with-virtual-environments-on-your-local-machine_instructions.html","4.85"
"django-web-framework","01_10_working-with-labs-in-this-course_instructions.html",".html","C:\Users\Sujay\Desktop\META\django-web-framework\01_introduction-to-django\01_course-introduction\01_10_working-with-labs-in-this-course_instructions.html","C:\Users\Sujay\Desktop\META-USEFUL\django-web-framework\01_introduction-to-django\01_course-introduction\01_10_working-with-labs-in-this-course_instructions.html","20592.04"
"django-web-framework","01_11_additional-resources_instructions.html",".html","C:\Users\Sujay\Desktop\META\django-web-framework\01_introduction-to-django\01_course-introduction\01_11_additional-resources_instructions.html","C:\Users\Sujay\Desktop\META-USEFUL\django-web-framework\01_introduction-to-django\01_course-introduction\01_11_additional-resources_instructions.html","2.44"
"django-web-framework","01_11_additional-resources_venv.html",".html","C:\Users\Sujay\Desktop\META\django-web-framework\01_introduction-to-django\01_course-introduction\01_11_additional-resources_venv.html","C:\Users\Sujay\Desktop\META-USEFUL\django-web-framework\01_introduction-to-django\01_course-introduction\01_11_additional-resources_venv.html","100.44"
"django-web-framework","02_01_projects-and-apps-overview.en.txt",".txt","C:\Users\Sujay\Desktop\META\django-web-framework\01_introduction-to-django\02_projects-and-apps\02_01_projects-and-apps-overview.en.txt","C:\Users\Sujay\Desktop\META-USEFUL\django-web-framework\01_introduction-to-django\02_projects-and-apps\02_01_projects-and-apps-overview.en.txt","5.18"
"django-web-framework","02_02_project-structure_instructions.html",".html","C:\Users\Sujay\Desktop\META\django-web-framework\01_introduction-to-django\02_projects-and-apps\02_02_project-structure_instructions.html","C:\Users\Sujay\Desktop\META-USEFUL\django-web-framework\01_introduction-to-django\02_projects-and-apps\02_02_project-structure_instructions.html","3933.14"
"django-web-framework","02_03_creating-your-first-project.en.txt",".txt","C:\Users\Sujay\Desktop\META\django-web-framework\01_introduction-to-django\02_projects-and-apps\02_03_creating-your-first-project.en.txt","C:\Users\Sujay\Desktop\META-USEFUL\django-web-framework\01_introduction-to-django\02_projects-and-apps\02_03_creating-your-first-project.en.txt","4.71"
"django-web-framework","03_01_django-admin-manage-py-commands.en.txt",".txt","C:\Users\Sujay\Desktop\META\django-web-framework\01_introduction-to-django\03_admin-and-structures\03_01_django-admin-manage-py-commands.en.txt","C:\Users\Sujay\Desktop\META-USEFUL\django-web-framework\01_introduction-to-django\03_admin-and-structures\03_01_django-admin-manage-py-commands.en.txt","4.64"
"django-web-framework","03_02_app-structures_instructions.html",".html","C:\Users\Sujay\Desktop\META\django-web-framework\01_introduction-to-django\03_admin-and-structures\03_02_app-structures_instructions.html","C:\Users\Sujay\Desktop\META-USEFUL\django-web-framework\01_introduction-to-django\03_admin-and-structures\03_02_app-structures_instructions.html","41.6"
"django-web-framework","03_03_creating-an-app.en.txt",".txt","C:\Users\Sujay\Desktop\META\django-web-framework\01_introduction-to-django\03_admin-and-structures\03_03_creating-an-app.en.txt","C:\Users\Sujay\Desktop\META-USEFUL\django-web-framework\01_introduction-to-django\03_admin-and-structures\03_03_creating-an-app.en.txt","5.69"
"django-web-framework","03_04_solution-creating-your-first-project-and-app_instructions.html",".html","C:\Users\Sujay\Desktop\META\django-web-framework\01_introduction-to-django\03_admin-and-structures\03_04_solution-creating-your-first-project-and-app_instructions.html","C:\Users\Sujay\Desktop\META-USEFUL\django-web-framework\01_introduction-to-django\03_admin-and-structures\03_04_solution-creating-your-first-project-and-app_instructions.html","369.53"
"django-web-framework","04_01_what-is-a-web-framework.en.txt",".txt","C:\Users\Sujay\Desktop\META\django-web-framework\01_introduction-to-django\04_web-frameworks-and-mvt\04_01_what-is-a-web-framework.en.txt","C:\Users\Sujay\Desktop\META-USEFUL\django-web-framework\01_introduction-to-django\04_web-frameworks-and-mvt\04_01_what-is-a-web-framework.en.txt","5.24"
"django-web-framework","04_02_mvt-overview_instructions.html",".html","C:\Users\Sujay\Desktop\META\django-web-framework\01_introduction-to-django\04_web-frameworks-and-mvt\04_02_mvt-overview_instructions.html","C:\Users\Sujay\Desktop\META-USEFUL\django-web-framework\01_introduction-to-django\04_web-frameworks-and-mvt\04_02_mvt-overview_instructions.html","780.26"
"django-web-framework","04_03_mvt-example.en.txt",".txt","C:\Users\Sujay\Desktop\META\django-web-framework\01_introduction-to-django\04_web-frameworks-and-mvt\04_03_mvt-example.en.txt","C:\Users\Sujay\Desktop\META-USEFUL\django-web-framework\01_introduction-to-django\04_web-frameworks-and-mvt\04_03_mvt-example.en.txt","4.58"
"django-web-framework","04_04_module-summary-introduction-to-django.en.txt",".txt","C:\Users\Sujay\Desktop\META\django-web-framework\01_introduction-to-django\04_web-frameworks-and-mvt\04_04_module-summary-introduction-to-django.en.txt","C:\Users\Sujay\Desktop\META-USEFUL\django-web-framework\01_introduction-to-django\04_web-frameworks-and-mvt\04_04_module-summary-introduction-to-django.en.txt","3.35"
"django-web-framework","04_05_additional-resources_instructions.html",".html","C:\Users\Sujay\Desktop\META\django-web-framework\01_introduction-to-django\04_web-frameworks-and-mvt\04_05_additional-resources_instructions.html","C:\Users\Sujay\Desktop\META-USEFUL\django-web-framework\01_introduction-to-django\04_web-frameworks-and-mvt\04_05_additional-resources_instructions.html","1.93"
"django-web-framework","01_01_views.en.txt",".txt","C:\Users\Sujay\Desktop\META\django-web-framework\02_views\01_views\01_01_views.en.txt","C:\Users\Sujay\Desktop\META-USEFUL\django-web-framework\02_views\01_views\01_01_views.en.txt","4.8"
"django-web-framework","01_02_creating-views-and-mapping-to-urls.en.txt",".txt","C:\Users\Sujay\Desktop\META\django-web-framework\02_views\01_views\01_02_creating-views-and-mapping-to-urls.en.txt","C:\Users\Sujay\Desktop\META-USEFUL\django-web-framework\02_views\01_views\01_02_creating-views-and-mapping-to-urls.en.txt","5.08"
"django-web-framework","01_03_view-logic_instructions.html",".html","C:\Users\Sujay\Desktop\META\django-web-framework\02_views\01_views\01_03_view-logic_instructions.html","C:\Users\Sujay\Desktop\META-USEFUL\django-web-framework\02_views\01_views\01_03_view-logic_instructions.html","6.75"
"django-web-framework","01_04_creating-views-and-view-logic.en.txt",".txt","C:\Users\Sujay\Desktop\META\django-web-framework\02_views\01_views\01_04_creating-views-and-view-logic.en.txt","C:\Users\Sujay\Desktop\META-USEFUL\django-web-framework\02_views\01_views\01_04_creating-views-and-view-logic.en.txt","4.42"
"django-web-framework","01_05_solution-creating-a-view-and-url-configuration_instructions.html",".html","C:\Users\Sujay\Desktop\META\django-web-framework\02_views\01_views\01_05_solution-creating-a-view-and-url-configuration_instructions.html","C:\Users\Sujay\Desktop\META-USEFUL\django-web-framework\02_views\01_views\01_05_solution-creating-a-view-and-url-configuration_instructions.html","2.34"
"django-web-framework","02_01_http-requests.en.txt",".txt","C:\Users\Sujay\Desktop\META\django-web-framework\02_views\02_requests-and-urls\02_01_http-requests.en.txt","C:\Users\Sujay\Desktop\META-USEFUL\django-web-framework\02_views\02_requests-and-urls\02_01_http-requests.en.txt","7.14"
"django-web-framework","02_02_request-and-response-objects_instructions.html",".html","C:\Users\Sujay\Desktop\META\django-web-framework\02_views\02_requests-and-urls\02_02_request-and-response-objects_instructions.html","C:\Users\Sujay\Desktop\META-USEFUL\django-web-framework\02_views\02_requests-and-urls\02_02_request-and-response-objects_instructions.html","120.76"
"django-web-framework","02_03_creating-requests-and-responses.en.txt",".txt","C:\Users\Sujay\Desktop\META\django-web-framework\02_views\02_requests-and-urls\02_03_creating-requests-and-responses.en.txt","C:\Users\Sujay\Desktop\META-USEFUL\django-web-framework\02_views\02_requests-and-urls\02_03_creating-requests-and-responses.en.txt","4.8"
"django-web-framework","02_04_understanding-urls.en.txt",".txt","C:\Users\Sujay\Desktop\META\django-web-framework\02_views\02_requests-and-urls\02_04_understanding-urls.en.txt","C:\Users\Sujay\Desktop\META-USEFUL\django-web-framework\02_views\02_requests-and-urls\02_04_understanding-urls.en.txt","4.37"
"django-web-framework","02_05_parameters_instructions.html",".html","C:\Users\Sujay\Desktop\META\django-web-framework\02_views\02_requests-and-urls\02_05_parameters_instructions.html","C:\Users\Sujay\Desktop\META-USEFUL\django-web-framework\02_views\02_requests-and-urls\02_05_parameters_instructions.html","259.89"
"django-web-framework","02_06_mapping-urls-with-params.en.txt",".txt","C:\Users\Sujay\Desktop\META\django-web-framework\02_views\02_requests-and-urls\02_06_mapping-urls-with-params.en.txt","C:\Users\Sujay\Desktop\META-USEFUL\django-web-framework\02_views\02_requests-and-urls\02_06_mapping-urls-with-params.en.txt","4.45"
"django-web-framework","02_07_solution-mapping-urls-with-params_instructions.html",".html","C:\Users\Sujay\Desktop\META\django-web-framework\02_views\02_requests-and-urls\02_07_solution-mapping-urls-with-params_instructions.html","C:\Users\Sujay\Desktop\META-USEFUL\django-web-framework\02_views\02_requests-and-urls\02_07_solution-mapping-urls-with-params_instructions.html","1.84"
"django-web-framework","02_08_additional-resources_instructions.html",".html","C:\Users\Sujay\Desktop\META\django-web-framework\02_views\02_requests-and-urls\02_08_additional-resources_instructions.html","C:\Users\Sujay\Desktop\META-USEFUL\django-web-framework\02_views\02_requests-and-urls\02_08_additional-resources_instructions.html","1.83"
"django-web-framework","03_01_regular-expressions-in-urls.en.txt",".txt","C:\Users\Sujay\Desktop\META\django-web-framework\02_views\03_creating-urls-and-views\03_01_regular-expressions-in-urls.en.txt","C:\Users\Sujay\Desktop\META-USEFUL\django-web-framework\02_views\03_creating-urls-and-views\03_01_regular-expressions-in-urls.en.txt","5.38"
"django-web-framework","03_02_url-namespacing-and-views_instructions.html",".html","C:\Users\Sujay\Desktop\META\django-web-framework\02_views\03_creating-urls-and-views\03_02_url-namespacing-and-views_instructions.html","C:\Users\Sujay\Desktop\META-USEFUL\django-web-framework\02_views\03_creating-urls-and-views\03_02_url-namespacing-and-views_instructions.html","71.09"
"django-web-framework","03_03_solution-creating-urls-and-mapping-to-views_instructions.html",".html","C:\Users\Sujay\Desktop\META\django-web-framework\02_views\03_creating-urls-and-views\03_03_solution-creating-urls-and-mapping-to-views_instructions.html","C:\Users\Sujay\Desktop\META-USEFUL\django-web-framework\02_views\03_creating-urls-and-views\03_03_solution-creating-urls-and-mapping-to-views_instructions.html","1.78"
"django-web-framework","03_04_error-handling.en.txt",".txt","C:\Users\Sujay\Desktop\META\django-web-framework\02_views\03_creating-urls-and-views\03_04_error-handling.en.txt","C:\Users\Sujay\Desktop\META-USEFUL\django-web-framework\02_views\03_creating-urls-and-views\03_04_error-handling.en.txt","4.51"
"django-web-framework","03_05_handling-errors-in-views_instructions.html",".html","C:\Users\Sujay\Desktop\META\django-web-framework\02_views\03_creating-urls-and-views\03_05_handling-errors-in-views_instructions.html","C:\Users\Sujay\Desktop\META-USEFUL\django-web-framework\02_views\03_creating-urls-and-views\03_05_handling-errors-in-views_instructions.html","625.25"
"django-web-framework","03_06_demo-handle-errors-in-views.en.txt",".txt","C:\Users\Sujay\Desktop\META\django-web-framework\02_views\03_creating-urls-and-views\03_06_demo-handle-errors-in-views.en.txt","C:\Users\Sujay\Desktop\META-USEFUL\django-web-framework\02_views\03_creating-urls-and-views\03_06_demo-handle-errors-in-views.en.txt","4.04"
"django-web-framework","03_07_class-based-views.en.txt",".txt","C:\Users\Sujay\Desktop\META\django-web-framework\02_views\03_creating-urls-and-views\03_07_class-based-views.en.txt","C:\Users\Sujay\Desktop\META-USEFUL\django-web-framework\02_views\03_creating-urls-and-views\03_07_class-based-views.en.txt","4.07"
"django-web-framework","03_08_module-summary-views.en.txt",".txt","C:\Users\Sujay\Desktop\META\django-web-framework\02_views\03_creating-urls-and-views\03_08_module-summary-views.en.txt","C:\Users\Sujay\Desktop\META-USEFUL\django-web-framework\02_views\03_creating-urls-and-views\03_08_module-summary-views.en.txt","4.42"
"django-web-framework","03_09_additional-resources_instructions.html",".html","C:\Users\Sujay\Desktop\META\django-web-framework\02_views\03_creating-urls-and-views\03_09_additional-resources_instructions.html","C:\Users\Sujay\Desktop\META-USEFUL\django-web-framework\02_views\03_creating-urls-and-views\03_09_additional-resources_instructions.html","2.67"
"django-web-framework","01_01_models.en.txt",".txt","C:\Users\Sujay\Desktop\META\django-web-framework\03_models\01_models-migrations\01_01_models.en.txt","C:\Users\Sujay\Desktop\META-USEFUL\django-web-framework\03_models\01_models-migrations\01_01_models.en.txt","4.97"
"django-web-framework","01_02_model-relationships_instructions.html",".html","C:\Users\Sujay\Desktop\META\django-web-framework\03_models\01_models-migrations\01_02_model-relationships_instructions.html","C:\Users\Sujay\Desktop\META-USEFUL\django-web-framework\03_models\01_models-migrations\01_02_model-relationships_instructions.html","10.61"
"django-web-framework","01_03_creating-models.en.txt",".txt","C:\Users\Sujay\Desktop\META\django-web-framework\03_models\01_models-migrations\01_03_creating-models.en.txt","C:\Users\Sujay\Desktop\META-USEFUL\django-web-framework\03_models\01_models-migrations\01_03_creating-models.en.txt","5.26"
"django-web-framework","01_04_migrations.en.txt",".txt","C:\Users\Sujay\Desktop\META\django-web-framework\03_models\01_models-migrations\01_04_migrations.en.txt","C:\Users\Sujay\Desktop\META-USEFUL\django-web-framework\03_models\01_models-migrations\01_04_migrations.en.txt","5.5"
"django-web-framework","01_05_how-to-use-migrations_instructions.html",".html","C:\Users\Sujay\Desktop\META\django-web-framework\03_models\01_models-migrations\01_05_how-to-use-migrations_instructions.html","C:\Users\Sujay\Desktop\META-USEFUL\django-web-framework\03_models\01_models-migrations\01_05_how-to-use-migrations_instructions.html","600.64"
"django-web-framework","01_06_working-with-migrations.en.txt",".txt","C:\Users\Sujay\Desktop\META\django-web-framework\03_models\01_models-migrations\01_06_working-with-migrations.en.txt","C:\Users\Sujay\Desktop\META-USEFUL\django-web-framework\03_models\01_models-migrations\01_06_working-with-migrations.en.txt","4.99"
"django-web-framework","01_07_a-history-of-changes.en.txt",".txt","C:\Users\Sujay\Desktop\META\django-web-framework\03_models\01_models-migrations\01_07_a-history-of-changes.en.txt","C:\Users\Sujay\Desktop\META-USEFUL\django-web-framework\03_models\01_models-migrations\01_07_a-history-of-changes.en.txt","4.32"
"django-web-framework","01_08_models-using-foreign-keys.en.txt",".txt","C:\Users\Sujay\Desktop\META\django-web-framework\03_models\01_models-migrations\01_08_models-using-foreign-keys.en.txt","C:\Users\Sujay\Desktop\META-USEFUL\django-web-framework\03_models\01_models-migrations\01_08_models-using-foreign-keys.en.txt","3.65"
"django-web-framework","01_09_solution-models-using-foreign-keys_instructions.html",".html","C:\Users\Sujay\Desktop\META\django-web-framework\03_models\01_models-migrations\01_09_solution-models-using-foreign-keys_instructions.html","C:\Users\Sujay\Desktop\META-USEFUL\django-web-framework\03_models\01_models-migrations\01_09_solution-models-using-foreign-keys_instructions.html","1.95"
"django-web-framework","01_10_object-relationship-mapping-orm_instructions.html",".html","C:\Users\Sujay\Desktop\META\django-web-framework\03_models\01_models-migrations\01_10_object-relationship-mapping-orm_instructions.html","C:\Users\Sujay\Desktop\META-USEFUL\django-web-framework\03_models\01_models-migrations\01_10_object-relationship-mapping-orm_instructions.html","8.51"
"django-web-framework","01_11_using-orm.en.txt",".txt","C:\Users\Sujay\Desktop\META\django-web-framework\03_models\01_models-migrations\01_11_using-orm.en.txt","C:\Users\Sujay\Desktop\META-USEFUL\django-web-framework\03_models\01_models-migrations\01_11_using-orm.en.txt","4.82"
"django-web-framework","01_12_additional-resources_instructions.html",".html","C:\Users\Sujay\Desktop\META\django-web-framework\03_models\01_models-migrations\01_12_additional-resources_instructions.html","C:\Users\Sujay\Desktop\META-USEFUL\django-web-framework\03_models\01_models-migrations\01_12_additional-resources_instructions.html","2.32"
"django-web-framework","02_01_forms.en.txt",".txt","C:\Users\Sujay\Desktop\META\django-web-framework\03_models\02_models-and-forms\02_01_forms.en.txt","C:\Users\Sujay\Desktop\META-USEFUL\django-web-framework\03_models\02_models-and-forms\02_01_forms.en.txt","4.57"
"django-web-framework","02_02_working-with-django-form-fields-and-data-types.en.txt",".txt","C:\Users\Sujay\Desktop\META\django-web-framework\03_models\02_models-and-forms\02_02_working-with-django-form-fields-and-data-types.en.txt","C:\Users\Sujay\Desktop\META-USEFUL\django-web-framework\03_models\02_models-and-forms\02_02_working-with-django-form-fields-and-data-types.en.txt","6.03"
"django-web-framework","02_03_django-fields_instructions.html",".html","C:\Users\Sujay\Desktop\META\django-web-framework\03_models\02_models-and-forms\02_03_django-fields_instructions.html","C:\Users\Sujay\Desktop\META-USEFUL\django-web-framework\03_models\02_models-and-forms\02_03_django-fields_instructions.html","14.76"
"django-web-framework","02_04_form-api_instructions.html",".html","C:\Users\Sujay\Desktop\META\django-web-framework\03_models\02_models-and-forms\02_04_form-api_instructions.html","C:\Users\Sujay\Desktop\META-USEFUL\django-web-framework\03_models\02_models-and-forms\02_04_form-api_instructions.html","463.28"
"django-web-framework","02_05_creating-forms.en.txt",".txt","C:\Users\Sujay\Desktop\META\django-web-framework\03_models\02_models-and-forms\02_05_creating-forms.en.txt","C:\Users\Sujay\Desktop\META-USEFUL\django-web-framework\03_models\02_models-and-forms\02_05_creating-forms.en.txt","5.3"
"django-web-framework","02_06_model-form.en.txt",".txt","C:\Users\Sujay\Desktop\META\django-web-framework\03_models\02_models-and-forms\02_06_model-form.en.txt","C:\Users\Sujay\Desktop\META-USEFUL\django-web-framework\03_models\02_models-and-forms\02_06_model-form.en.txt","4.15"
"django-web-framework","02_07_additional-resources_instructions.html",".html","C:\Users\Sujay\Desktop\META\django-web-framework\03_models\02_models-and-forms\02_07_additional-resources_instructions.html","C:\Users\Sujay\Desktop\META-USEFUL\django-web-framework\03_models\02_models-and-forms\02_07_additional-resources_instructions.html","2.02"
"django-web-framework","03_01_django-admin.en.txt",".txt","C:\Users\Sujay\Desktop\META\django-web-framework\03_models\03_admin\03_01_django-admin.en.txt","C:\Users\Sujay\Desktop\META-USEFUL\django-web-framework\03_models\03_admin\03_01_django-admin.en.txt","5.42"
"django-web-framework","03_02_managing-users-in-django-admin_instructions.html",".html","C:\Users\Sujay\Desktop\META\django-web-framework\03_models\03_admin\03_02_managing-users-in-django-admin_instructions.html","C:\Users\Sujay\Desktop\META-USEFUL\django-web-framework\03_models\03_admin\03_02_managing-users-in-django-admin_instructions.html","3449.86"
"django-web-framework","03_03_adding-groups-and-users.en.txt",".txt","C:\Users\Sujay\Desktop\META\django-web-framework\03_models\03_admin\03_03_adding-groups-and-users.en.txt","C:\Users\Sujay\Desktop\META-USEFUL\django-web-framework\03_models\03_admin\03_03_adding-groups-and-users.en.txt","6.26"
"django-web-framework","03_04_permissions.en.txt",".txt","C:\Users\Sujay\Desktop\META\django-web-framework\03_models\03_admin\03_04_permissions.en.txt","C:\Users\Sujay\Desktop\META-USEFUL\django-web-framework\03_models\03_admin\03_04_permissions.en.txt","4.92"
"django-web-framework","03_05_enforcing-permissions_instructions.html",".html","C:\Users\Sujay\Desktop\META\django-web-framework\03_models\03_admin\03_05_enforcing-permissions_instructions.html","C:\Users\Sujay\Desktop\META-USEFUL\django-web-framework\03_models\03_admin\03_05_enforcing-permissions_instructions.html","909.56"
"django-web-framework","03_06_users-and-permissions.en.txt",".txt","C:\Users\Sujay\Desktop\META\django-web-framework\03_models\03_admin\03_06_users-and-permissions.en.txt","C:\Users\Sujay\Desktop\META-USEFUL\django-web-framework\03_models\03_admin\03_06_users-and-permissions.en.txt","7.42"
"django-web-framework","03_07_additional-resources_instructions.html",".html","C:\Users\Sujay\Desktop\META\django-web-framework\03_models\03_admin\03_07_additional-resources_instructions.html","C:\Users\Sujay\Desktop\META-USEFUL\django-web-framework\03_models\03_admin\03_07_additional-resources_instructions.html","2.15"
"django-web-framework","04_01_database-options.en.txt",".txt","C:\Users\Sujay\Desktop\META\django-web-framework\03_models\04_database-configuration\04_01_database-options.en.txt","C:\Users\Sujay\Desktop\META-USEFUL\django-web-framework\03_models\04_database-configuration\04_01_database-options.en.txt","3.93"
"django-web-framework","04_02_configuring-mysql-connection_instructions.html",".html","C:\Users\Sujay\Desktop\META\django-web-framework\03_models\04_database-configuration\04_02_configuring-mysql-connection_instructions.html","C:\Users\Sujay\Desktop\META-USEFUL\django-web-framework\03_models\04_database-configuration\04_02_configuring-mysql-connection_instructions.html","3657.63"
"django-web-framework","04_03_setting-up-a-mysql-connection.en.txt",".txt","C:\Users\Sujay\Desktop\META\django-web-framework\03_models\04_database-configuration\04_03_setting-up-a-mysql-connection.en.txt","C:\Users\Sujay\Desktop\META-USEFUL\django-web-framework\03_models\04_database-configuration\04_03_setting-up-a-mysql-connection.en.txt","4.87"
"django-web-framework","04_04_module-summary-models.en.txt",".txt","C:\Users\Sujay\Desktop\META\django-web-framework\03_models\04_database-configuration\04_04_module-summary-models.en.txt","C:\Users\Sujay\Desktop\META-USEFUL\django-web-framework\03_models\04_database-configuration\04_04_module-summary-models.en.txt","3.26"
"django-web-framework","04_05_additional-resources_instructions.html",".html","C:\Users\Sujay\Desktop\META\django-web-framework\03_models\04_database-configuration\04_05_additional-resources_instructions.html","C:\Users\Sujay\Desktop\META-USEFUL\django-web-framework\03_models\04_database-configuration\04_05_additional-resources_instructions.html","2.16"
"django-web-framework","04_05_additional-resources_macos-installation.html",".html","C:\Users\Sujay\Desktop\META\django-web-framework\03_models\04_database-configuration\04_05_additional-resources_macos-installation.html","C:\Users\Sujay\Desktop\META-USEFUL\django-web-framework\03_models\04_database-configuration\04_05_additional-resources_macos-installation.html","68.12"
"django-web-framework","04_05_additional-resources_windows-installation.html",".html","C:\Users\Sujay\Desktop\META\django-web-framework\03_models\04_database-configuration\04_05_additional-resources_windows-installation.html","C:\Users\Sujay\Desktop\META-USEFUL\django-web-framework\03_models\04_database-configuration\04_05_additional-resources_windows-installation.html","79.32"
"django-web-framework","01_01_templates.en.txt",".txt","C:\Users\Sujay\Desktop\META\django-web-framework\04_templates\01_templates\01_01_templates.en.txt","C:\Users\Sujay\Desktop\META-USEFUL\django-web-framework\04_templates\01_templates\01_01_templates.en.txt","4.71"
"django-web-framework","01_02_template-examples_instructions.html",".html","C:\Users\Sujay\Desktop\META\django-web-framework\04_templates\01_templates\01_02_template-examples_instructions.html","C:\Users\Sujay\Desktop\META-USEFUL\django-web-framework\04_templates\01_templates\01_02_template-examples_instructions.html","419.84"
"django-web-framework","01_03_creating-templates.en.txt",".txt","C:\Users\Sujay\Desktop\META\django-web-framework\04_templates\01_templates\01_03_creating-templates.en.txt","C:\Users\Sujay\Desktop\META-USEFUL\django-web-framework\04_templates\01_templates\01_03_creating-templates.en.txt","4.88"
"django-web-framework","02_01_working-with-template-language.en.txt",".txt","C:\Users\Sujay\Desktop\META\django-web-framework\04_templates\02_working-with-templates\02_01_working-with-template-language.en.txt","C:\Users\Sujay\Desktop\META-USEFUL\django-web-framework\04_templates\02_working-with-templates\02_01_working-with-template-language.en.txt","4.29"
"django-web-framework","02_02_template-language-and-variable-interpolation_instructions.html",".html","C:\Users\Sujay\Desktop\META\django-web-framework\04_templates\02_working-with-templates\02_02_template-language-and-variable-interpolation_instructions.html","C:\Users\Sujay\Desktop\META-USEFUL\django-web-framework\04_templates\02_working-with-templates\02_02_template-language-and-variable-interpolation_instructions.html","215.75"
"django-web-framework","02_03_dynamic-templates-in-django.en.txt",".txt","C:\Users\Sujay\Desktop\META\django-web-framework\04_templates\02_working-with-templates\02_03_dynamic-templates-in-django.en.txt","C:\Users\Sujay\Desktop\META-USEFUL\django-web-framework\04_templates\02_working-with-templates\02_03_dynamic-templates-in-django.en.txt","5.07"
"django-web-framework","02_04_mapping-model-objects-to-a-template.en.txt",".txt","C:\Users\Sujay\Desktop\META\django-web-framework\04_templates\02_working-with-templates\02_04_mapping-model-objects-to-a-template.en.txt","C:\Users\Sujay\Desktop\META-USEFUL\django-web-framework\04_templates\02_working-with-templates\02_04_mapping-model-objects-to-a-template.en.txt","4.51"
"django-web-framework","02_05_template-inheritance.en.txt",".txt","C:\Users\Sujay\Desktop\META\django-web-framework\04_templates\02_working-with-templates\02_05_template-inheritance.en.txt","C:\Users\Sujay\Desktop\META-USEFUL\django-web-framework\04_templates\02_working-with-templates\02_05_template-inheritance.en.txt","5.35"
"django-web-framework","02_06_more-on-template-inheritance_instructions.html",".html","C:\Users\Sujay\Desktop\META\django-web-framework\04_templates\02_working-with-templates\02_06_more-on-template-inheritance_instructions.html","C:\Users\Sujay\Desktop\META-USEFUL\django-web-framework\04_templates\02_working-with-templates\02_06_more-on-template-inheritance_instructions.html","1582.59"
"django-web-framework","02_07_working-with-template-inheritance.en.txt",".txt","C:\Users\Sujay\Desktop\META\django-web-framework\04_templates\02_working-with-templates\02_07_working-with-template-inheritance.en.txt","C:\Users\Sujay\Desktop\META-USEFUL\django-web-framework\04_templates\02_working-with-templates\02_07_working-with-template-inheritance.en.txt","4.64"
"django-web-framework","03_01_debugging-django-applications.en.txt",".txt","C:\Users\Sujay\Desktop\META\django-web-framework\04_templates\03_debugging-and-testing\03_01_debugging-django-applications.en.txt","C:\Users\Sujay\Desktop\META-USEFUL\django-web-framework\04_templates\03_debugging-and-testing\03_01_debugging-django-applications.en.txt","5.68"
"django-web-framework","03_02_testing-in-django.en.txt",".txt","C:\Users\Sujay\Desktop\META\django-web-framework\04_templates\03_debugging-and-testing\03_02_testing-in-django.en.txt","C:\Users\Sujay\Desktop\META-USEFUL\django-web-framework\04_templates\03_debugging-and-testing\03_02_testing-in-django.en.txt","5.85"
"django-web-framework","03_03_sub-classing-generic-views_instructions.html",".html","C:\Users\Sujay\Desktop\META\django-web-framework\04_templates\03_debugging-and-testing\03_03_sub-classing-generic-views_instructions.html","C:\Users\Sujay\Desktop\META-USEFUL\django-web-framework\04_templates\03_debugging-and-testing\03_03_sub-classing-generic-views_instructions.html","13.95"
"django-web-framework","03_04_module-summary-templates.en.txt",".txt","C:\Users\Sujay\Desktop\META\django-web-framework\04_templates\03_debugging-and-testing\03_04_module-summary-templates.en.txt","C:\Users\Sujay\Desktop\META-USEFUL\django-web-framework\04_templates\03_debugging-and-testing\03_04_module-summary-templates.en.txt","3.25"
"django-web-framework","03_05_additional-resources_instructions.html",".html","C:\Users\Sujay\Desktop\META\django-web-framework\04_templates\03_debugging-and-testing\03_05_additional-resources_instructions.html","C:\Users\Sujay\Desktop\META-USEFUL\django-web-framework\04_templates\03_debugging-and-testing\03_05_additional-resources_instructions.html","2.24"
"django-web-framework","01_01_course-recap-for-django-web-framework.en.txt",".txt","C:\Users\Sujay\Desktop\META\django-web-framework\05_course-summary-and-graded-project-assessment\01_graded-assessment\01_01_course-recap-for-django-web-framework.en.txt","C:\Users\Sujay\Desktop\META-USEFUL\django-web-framework\05_course-summary-and-graded-project-assessment\01_graded-assessment\01_01_course-recap-for-django-web-framework.en.txt","2.47"
"django-web-framework","01_02_about-the-final-graded-project-assessment-for-django-web-framework_instructions.html",".html","C:\Users\Sujay\Desktop\META\django-web-framework\05_course-summary-and-graded-project-assessment\01_graded-assessment\01_02_about-the-final-graded-project-assessment-for-django-web-framework_instructions.html","C:\Users\Sujay\Desktop\META-USEFUL\django-web-framework\05_course-summary-and-graded-project-assessment\01_graded-assessment\01_02_about-the-final-graded-project-assessment-for-django-web-framework_instructions.html","6.85"
"django-web-framework","01_03_solution-code_instructions.html",".html","C:\Users\Sujay\Desktop\META\django-web-framework\05_course-summary-and-graded-project-assessment\01_graded-assessment\01_03_solution-code_instructions.html","C:\Users\Sujay\Desktop\META-USEFUL\django-web-framework\05_course-summary-and-graded-project-assessment\01_graded-assessment\01_03_solution-code_instructions.html","7.49"
"django-web-framework","01_04_solution-part-1-create-the-menu-page.en.txt",".txt","C:\Users\Sujay\Desktop\META\django-web-framework\05_course-summary-and-graded-project-assessment\01_graded-assessment\01_04_solution-part-1-create-the-menu-page.en.txt","C:\Users\Sujay\Desktop\META-USEFUL\django-web-framework\05_course-summary-and-graded-project-assessment\01_graded-assessment\01_04_solution-part-1-create-the-menu-page.en.txt","4.17"
"django-web-framework","01_05_solution-part-2-create-the-menu-item-page.en.txt",".txt","C:\Users\Sujay\Desktop\META\django-web-framework\05_course-summary-and-graded-project-assessment\01_graded-assessment\01_05_solution-part-2-create-the-menu-item-page.en.txt","C:\Users\Sujay\Desktop\META-USEFUL\django-web-framework\05_course-summary-and-graded-project-assessment\01_graded-assessment\01_05_solution-part-2-create-the-menu-item-page.en.txt","3"
"django-web-framework","01_06_solution-part-3-how-to-create-the-footer.en.txt",".txt","C:\Users\Sujay\Desktop\META\django-web-framework\05_course-summary-and-graded-project-assessment\01_graded-assessment\01_06_solution-part-3-how-to-create-the-footer.en.txt","C:\Users\Sujay\Desktop\META-USEFUL\django-web-framework\05_course-summary-and-graded-project-assessment\01_graded-assessment\01_06_solution-part-3-how-to-create-the-footer.en.txt","1.38"
"django-web-framework","02_01_congratulations.en.txt",".txt","C:\Users\Sujay\Desktop\META\django-web-framework\05_course-summary-and-graded-project-assessment\02_course-wrap-up\02_01_congratulations.en.txt","C:\Users\Sujay\Desktop\META-USEFUL\django-web-framework\05_course-summary-and-graded-project-assessment\02_course-wrap-up\02_01_congratulations.en.txt","2.29"
"django-web-framework","02_02_next-steps-after-django-web-framework_instructions.html",".html","C:\Users\Sujay\Desktop\META\django-web-framework\05_course-summary-and-graded-project-assessment\02_course-wrap-up\02_02_next-steps-after-django-web-framework_instructions.html","C:\Users\Sujay\Desktop\META-USEFUL\django-web-framework\05_course-summary-and-graded-project-assessment\02_course-wrap-up\02_02_next-steps-after-django-web-framework_instructions.html","1.91"
"intro-to-databases-back-end-development","01_01_introduction-to-databases.en.txt",".txt","C:\Users\Sujay\Desktop\META\intro-to-databases-back-end-development\01_introduction-to-databases\01_course-introduction\01_01_introduction-to-databases.en.txt","C:\Users\Sujay\Desktop\META-USEFUL\intro-to-databases-back-end-development\01_introduction-to-databases\01_course-introduction\01_01_introduction-to-databases.en.txt","3.79"
"intro-to-databases-back-end-development","01_02_a-day-in-the-life-of-a-database-engineer.en.txt",".txt","C:\Users\Sujay\Desktop\META\intro-to-databases-back-end-development\01_introduction-to-databases\01_course-introduction\01_02_a-day-in-the-life-of-a-database-engineer.en.txt","C:\Users\Sujay\Desktop\META-USEFUL\intro-to-databases-back-end-development\01_introduction-to-databases\01_course-introduction\01_02_a-day-in-the-life-of-a-database-engineer.en.txt","5.4"
"intro-to-databases-back-end-development","01_03_course-syllabus-introduction-to-databases_instructions.html",".html","C:\Users\Sujay\Desktop\META\intro-to-databases-back-end-development\01_introduction-to-databases\01_course-introduction\01_03_course-syllabus-introduction-to-databases_instructions.html","C:\Users\Sujay\Desktop\META-USEFUL\intro-to-databases-back-end-development\01_introduction-to-databases\01_course-introduction\01_03_course-syllabus-introduction-to-databases_instructions.html","6.08"
"intro-to-databases-back-end-development","01_04_how-to-be-successful-in-this-course_instructions.html",".html","C:\Users\Sujay\Desktop\META\intro-to-databases-back-end-development\01_introduction-to-databases\01_course-introduction\01_04_how-to-be-successful-in-this-course_instructions.html","C:\Users\Sujay\Desktop\META-USEFUL\intro-to-databases-back-end-development\01_introduction-to-databases\01_course-introduction\01_04_how-to-be-successful-in-this-course_instructions.html","5.72"
"intro-to-databases-back-end-development","02_01_what-is-a-database.en.txt",".txt","C:\Users\Sujay\Desktop\META\intro-to-databases-back-end-development\01_introduction-to-databases\02_databases-and-data\02_01_what-is-a-database.en.txt","C:\Users\Sujay\Desktop\META-USEFUL\intro-to-databases-back-end-development\01_introduction-to-databases\02_databases-and-data\02_01_what-is-a-database.en.txt","5.33"
"intro-to-databases-back-end-development","02_02_how-is-data-related.en.txt",".txt","C:\Users\Sujay\Desktop\META\intro-to-databases-back-end-development\01_introduction-to-databases\02_databases-and-data\02_02_how-is-data-related.en.txt","C:\Users\Sujay\Desktop\META-USEFUL\intro-to-databases-back-end-development\01_introduction-to-databases\02_databases-and-data\02_02_how-is-data-related.en.txt","3.4"
"intro-to-databases-back-end-development","02_03_relational-data-example-charts_instructions.html",".html","C:\Users\Sujay\Desktop\META\intro-to-databases-back-end-development\01_introduction-to-databases\02_databases-and-data\02_03_relational-data-example-charts_instructions.html","C:\Users\Sujay\Desktop\META-USEFUL\intro-to-databases-back-end-development\01_introduction-to-databases\02_databases-and-data\02_03_relational-data-example-charts_instructions.html","249.55"
"intro-to-databases-back-end-development","02_04_alternative-types-of-databases.en.txt",".txt","C:\Users\Sujay\Desktop\META\intro-to-databases-back-end-development\01_introduction-to-databases\02_databases-and-data\02_04_alternative-types-of-databases.en.txt","C:\Users\Sujay\Desktop\META-USEFUL\intro-to-databases-back-end-development\01_introduction-to-databases\02_databases-and-data\02_04_alternative-types-of-databases.en.txt","4.68"
"intro-to-databases-back-end-development","02_05_database-evolution_instructions.html",".html","C:\Users\Sujay\Desktop\META\intro-to-databases-back-end-development\01_introduction-to-databases\02_databases-and-data\02_05_database-evolution_instructions.html","C:\Users\Sujay\Desktop\META-USEFUL\intro-to-databases-back-end-development\01_introduction-to-databases\02_databases-and-data\02_05_database-evolution_instructions.html","184.6"
"intro-to-databases-back-end-development","02_06_additional-resources_instructions.html",".html","C:\Users\Sujay\Desktop\META\intro-to-databases-back-end-development\01_introduction-to-databases\02_databases-and-data\02_06_additional-resources_instructions.html","C:\Users\Sujay\Desktop\META-USEFUL\intro-to-databases-back-end-development\01_introduction-to-databases\02_databases-and-data\02_06_additional-resources_instructions.html","1.95"
"intro-to-databases-back-end-development","03_01_what-is-structured-query-language.en.txt",".txt","C:\Users\Sujay\Desktop\META\intro-to-databases-back-end-development\01_introduction-to-databases\03_intro-to-sql\03_01_what-is-structured-query-language.en.txt","C:\Users\Sujay\Desktop\META-USEFUL\intro-to-databases-back-end-development\01_introduction-to-databases\03_intro-to-sql\03_01_what-is-structured-query-language.en.txt","1.86"
"intro-to-databases-back-end-development","03_02_sql-usage.en.txt",".txt","C:\Users\Sujay\Desktop\META\intro-to-databases-back-end-development\01_introduction-to-databases\03_intro-to-sql\03_02_sql-usage.en.txt","C:\Users\Sujay\Desktop\META-USEFUL\intro-to-databases-back-end-development\01_introduction-to-databases\03_intro-to-sql\03_02_sql-usage.en.txt","3.29"
"intro-to-databases-back-end-development","03_03_advantages-of-sql.en.txt",".txt","C:\Users\Sujay\Desktop\META\intro-to-databases-back-end-development\01_introduction-to-databases\03_intro-to-sql\03_03_advantages-of-sql.en.txt","C:\Users\Sujay\Desktop\META-USEFUL\intro-to-databases-back-end-development\01_introduction-to-databases\03_intro-to-sql\03_03_advantages-of-sql.en.txt","2.35"
"intro-to-databases-back-end-development","03_04_sql-syntax-introduction.en.txt",".txt","C:\Users\Sujay\Desktop\META\intro-to-databases-back-end-development\01_introduction-to-databases\03_intro-to-sql\03_04_sql-syntax-introduction.en.txt","C:\Users\Sujay\Desktop\META-USEFUL\intro-to-databases-back-end-development\01_introduction-to-databases\03_intro-to-sql\03_04_sql-syntax-introduction.en.txt","4.43"
"intro-to-databases-back-end-development","03_05_common-sql-commands_instructions.html",".html","C:\Users\Sujay\Desktop\META\intro-to-databases-back-end-development\01_introduction-to-databases\03_intro-to-sql\03_05_common-sql-commands_instructions.html","C:\Users\Sujay\Desktop\META-USEFUL\intro-to-databases-back-end-development\01_introduction-to-databases\03_intro-to-sql\03_05_common-sql-commands_instructions.html","7.32"
"intro-to-databases-back-end-development","03_06_additional-resources_instructions.html",".html","C:\Users\Sujay\Desktop\META\intro-to-databases-back-end-development\01_introduction-to-databases\03_intro-to-sql\03_06_additional-resources_instructions.html","C:\Users\Sujay\Desktop\META-USEFUL\intro-to-databases-back-end-development\01_introduction-to-databases\03_intro-to-sql\03_06_additional-resources_instructions.html","1.44"
"intro-to-databases-back-end-development","04_01_what-are-tables-in-databases.en.txt",".txt","C:\Users\Sujay\Desktop\META\intro-to-databases-back-end-development\01_introduction-to-databases\04_basic-database-structure\04_01_what-are-tables-in-databases.en.txt","C:\Users\Sujay\Desktop\META-USEFUL\intro-to-databases-back-end-development\01_introduction-to-databases\04_basic-database-structure\04_01_what-are-tables-in-databases.en.txt","3.51"
"intro-to-databases-back-end-development","04_02_tables-overview_instructions.html",".html","C:\Users\Sujay\Desktop\META\intro-to-databases-back-end-development\01_introduction-to-databases\04_basic-database-structure\04_02_tables-overview_instructions.html","C:\Users\Sujay\Desktop\META-USEFUL\intro-to-databases-back-end-development\01_introduction-to-databases\04_basic-database-structure\04_02_tables-overview_instructions.html","384.71"
"intro-to-databases-back-end-development","04_03_database-structure-overview_instructions.html",".html","C:\Users\Sujay\Desktop\META\intro-to-databases-back-end-development\01_introduction-to-databases\04_basic-database-structure\04_03_database-structure-overview_instructions.html","C:\Users\Sujay\Desktop\META-USEFUL\intro-to-databases-back-end-development\01_introduction-to-databases\04_basic-database-structure\04_03_database-structure-overview_instructions.html","405.75"
"intro-to-databases-back-end-development","04_04_types-of-keys-in-a-database-table.en.txt",".txt","C:\Users\Sujay\Desktop\META\intro-to-databases-back-end-development\01_introduction-to-databases\04_basic-database-structure\04_04_types-of-keys-in-a-database-table.en.txt","C:\Users\Sujay\Desktop\META-USEFUL\intro-to-databases-back-end-development\01_introduction-to-databases\04_basic-database-structure\04_04_types-of-keys-in-a-database-table.en.txt","3.88"
"intro-to-databases-back-end-development","04_05_module-summary-introduction-to-databases.en.txt",".txt","C:\Users\Sujay\Desktop\META\intro-to-databases-back-end-development\01_introduction-to-databases\04_basic-database-structure\04_05_module-summary-introduction-to-databases.en.txt","C:\Users\Sujay\Desktop\META-USEFUL\intro-to-databases-back-end-development\01_introduction-to-databases\04_basic-database-structure\04_05_module-summary-introduction-to-databases.en.txt","2.11"
"intro-to-databases-back-end-development","04_06_additional-resources_instructions.html",".html","C:\Users\Sujay\Desktop\META\intro-to-databases-back-end-development\01_introduction-to-databases\04_basic-database-structure\04_06_additional-resources_instructions.html","C:\Users\Sujay\Desktop\META-USEFUL\intro-to-databases-back-end-development\01_introduction-to-databases\04_basic-database-structure\04_06_additional-resources_instructions.html","1.44"
"intro-to-databases-back-end-development","01_01_numeric-data-types.en.txt",".txt","C:\Users\Sujay\Desktop\META\intro-to-databases-back-end-development\02_create-read-update-and-delete-crud-operations\01_sql-data-types\01_01_numeric-data-types.en.txt","C:\Users\Sujay\Desktop\META-USEFUL\intro-to-databases-back-end-development\02_create-read-update-and-delete-crud-operations\01_sql-data-types\01_01_numeric-data-types.en.txt","3.23"
"intro-to-databases-back-end-development","01_02_string-data-types.en.txt",".txt","C:\Users\Sujay\Desktop\META\intro-to-databases-back-end-development\02_create-read-update-and-delete-crud-operations\01_sql-data-types\01_02_string-data-types.en.txt","C:\Users\Sujay\Desktop\META-USEFUL\intro-to-databases-back-end-development\02_create-read-update-and-delete-crud-operations\01_sql-data-types\01_02_string-data-types.en.txt","3.77"
"intro-to-databases-back-end-development","01_03_default-values.en.txt",".txt","C:\Users\Sujay\Desktop\META\intro-to-databases-back-end-development\02_create-read-update-and-delete-crud-operations\01_sql-data-types\01_03_default-values.en.txt","C:\Users\Sujay\Desktop\META-USEFUL\intro-to-databases-back-end-development\02_create-read-update-and-delete-crud-operations\01_sql-data-types\01_03_default-values.en.txt","4.11"
"intro-to-databases-back-end-development","01_04_additional-resources_instructions.html",".html","C:\Users\Sujay\Desktop\META\intro-to-databases-back-end-development\02_create-read-update-and-delete-crud-operations\01_sql-data-types\01_04_additional-resources_instructions.html","C:\Users\Sujay\Desktop\META-USEFUL\intro-to-databases-back-end-development\02_create-read-update-and-delete-crud-operations\01_sql-data-types\01_04_additional-resources_instructions.html","1.85"
"intro-to-databases-back-end-development","01_04_additional-resources_mysql-data-types.php",".php","C:\Users\Sujay\Desktop\META\intro-to-databases-back-end-development\02_create-read-update-and-delete-crud-operations\01_sql-data-types\01_04_additional-resources_mysql-data-types.php","C:\Users\Sujay\Desktop\META-USEFUL\intro-to-databases-back-end-development\02_create-read-update-and-delete-crud-operations\01_sql-data-types\01_04_additional-resources_mysql-data-types.php","148.24"
"intro-to-databases-back-end-development","01_04_additional-resources_numeric-types.html",".html","C:\Users\Sujay\Desktop\META\intro-to-databases-back-end-development\02_create-read-update-and-delete-crud-operations\01_sql-data-types\01_04_additional-resources_numeric-types.html","C:\Users\Sujay\Desktop\META-USEFUL\intro-to-databases-back-end-development\02_create-read-update-and-delete-crud-operations\01_sql-data-types\01_04_additional-resources_numeric-types.html","66.78"
"intro-to-databases-back-end-development","02_01_create-and-drop-database.en.txt",".txt","C:\Users\Sujay\Desktop\META\intro-to-databases-back-end-development\02_create-read-update-and-delete-crud-operations\02_create-and-read\02_01_create-and-drop-database.en.txt","C:\Users\Sujay\Desktop\META-USEFUL\intro-to-databases-back-end-development\02_create-read-update-and-delete-crud-operations\02_create-and-read\02_01_create-and-drop-database.en.txt","2.39"
"intro-to-databases-back-end-development","02_02_create-table-statement.en.txt",".txt","C:\Users\Sujay\Desktop\META\intro-to-databases-back-end-development\02_create-read-update-and-delete-crud-operations\02_create-and-read\02_02_create-table-statement.en.txt","C:\Users\Sujay\Desktop\META-USEFUL\intro-to-databases-back-end-development\02_create-read-update-and-delete-crud-operations\02_create-and-read\02_02_create-table-statement.en.txt","1.98"
"intro-to-databases-back-end-development","02_03_alter-table-statement.en.txt",".txt","C:\Users\Sujay\Desktop\META\intro-to-databases-back-end-development\02_create-read-update-and-delete-crud-operations\02_create-and-read\02_03_alter-table-statement.en.txt","C:\Users\Sujay\Desktop\META-USEFUL\intro-to-databases-back-end-development\02_create-read-update-and-delete-crud-operations\02_create-and-read\02_03_alter-table-statement.en.txt","3.68"
"intro-to-databases-back-end-development","02_04_insert-statement.en.txt",".txt","C:\Users\Sujay\Desktop\META\intro-to-databases-back-end-development\02_create-read-update-and-delete-crud-operations\02_create-and-read\02_04_insert-statement.en.txt","C:\Users\Sujay\Desktop\META-USEFUL\intro-to-databases-back-end-development\02_create-read-update-and-delete-crud-operations\02_create-and-read\02_04_insert-statement.en.txt","4.14"
"intro-to-databases-back-end-development","02_05_creating-tables_instructions.html",".html","C:\Users\Sujay\Desktop\META\intro-to-databases-back-end-development\02_create-read-update-and-delete-crud-operations\02_create-and-read\02_05_creating-tables_instructions.html","C:\Users\Sujay\Desktop\META-USEFUL\intro-to-databases-back-end-development\02_create-read-update-and-delete-crud-operations\02_create-and-read\02_05_creating-tables_instructions.html","6.59"
"intro-to-databases-back-end-development","02_06_select-statement.en.txt",".txt","C:\Users\Sujay\Desktop\META\intro-to-databases-back-end-development\02_create-read-update-and-delete-crud-operations\02_create-and-read\02_06_select-statement.en.txt","C:\Users\Sujay\Desktop\META-USEFUL\intro-to-databases-back-end-development\02_create-read-update-and-delete-crud-operations\02_create-and-read\02_06_select-statement.en.txt","3.27"
"intro-to-databases-back-end-development","02_07_insert-into-select-statement.en.txt",".txt","C:\Users\Sujay\Desktop\META\intro-to-databases-back-end-development\02_create-read-update-and-delete-crud-operations\02_create-and-read\02_07_insert-into-select-statement.en.txt","C:\Users\Sujay\Desktop\META-USEFUL\intro-to-databases-back-end-development\02_create-read-update-and-delete-crud-operations\02_create-and-read\02_07_insert-into-select-statement.en.txt","3.34"
"intro-to-databases-back-end-development","02_08_additional-resources_index.htm",".htm","C:\Users\Sujay\Desktop\META\intro-to-databases-back-end-development\02_create-read-update-and-delete-crud-operations\02_create-and-read\02_08_additional-resources_index.htm","C:\Users\Sujay\Desktop\META-USEFUL\intro-to-databases-back-end-development\02_create-read-update-and-delete-crud-operations\02_create-and-read\02_08_additional-resources_index.htm","54.27"
"intro-to-databases-back-end-development","02_08_additional-resources_instructions.html",".html","C:\Users\Sujay\Desktop\META\intro-to-databases-back-end-development\02_create-read-update-and-delete-crud-operations\02_create-and-read\02_08_additional-resources_instructions.html","C:\Users\Sujay\Desktop\META-USEFUL\intro-to-databases-back-end-development\02_create-read-update-and-delete-crud-operations\02_create-and-read\02_08_additional-resources_instructions.html","1.49"
"intro-to-databases-back-end-development","02_08_additional-resources_sql-create-database-statement.php",".php","C:\Users\Sujay\Desktop\META\intro-to-databases-back-end-development\02_create-read-update-and-delete-crud-operations\02_create-and-read\02_08_additional-resources_sql-create-database-statement.php","C:\Users\Sujay\Desktop\META-USEFUL\intro-to-databases-back-end-development\02_create-read-update-and-delete-crud-operations\02_create-and-read\02_08_additional-resources_sql-create-database-statement.php","33.81"
"intro-to-databases-back-end-development","03_01_updating-data.en.txt",".txt","C:\Users\Sujay\Desktop\META\intro-to-databases-back-end-development\02_create-read-update-and-delete-crud-operations\03_update-and-delete\03_01_updating-data.en.txt","C:\Users\Sujay\Desktop\META-USEFUL\intro-to-databases-back-end-development\02_create-read-update-and-delete-crud-operations\03_update-and-delete\03_01_updating-data.en.txt","2.74"
"intro-to-databases-back-end-development","03_02_deleting-data.en.txt",".txt","C:\Users\Sujay\Desktop\META\intro-to-databases-back-end-development\02_create-read-update-and-delete-crud-operations\03_update-and-delete\03_02_deleting-data.en.txt","C:\Users\Sujay\Desktop\META-USEFUL\intro-to-databases-back-end-development\02_create-read-update-and-delete-crud-operations\03_update-and-delete\03_02_deleting-data.en.txt","2.38"
"intro-to-databases-back-end-development","03_03_module-summary-create-read-update-and-delete-crud-operations.en.txt",".txt","C:\Users\Sujay\Desktop\META\intro-to-databases-back-end-development\02_create-read-update-and-delete-crud-operations\03_update-and-delete\03_03_module-summary-create-read-update-and-delete-crud-operations.en.txt","C:\Users\Sujay\Desktop\META-USEFUL\intro-to-databases-back-end-development\02_create-read-update-and-delete-crud-operations\03_update-and-delete\03_03_module-summary-create-read-update-and-delete-crud-operations.en.txt","3.19"
"intro-to-databases-back-end-development","03_04_additional-resources_index.htm",".htm","C:\Users\Sujay\Desktop\META\intro-to-databases-back-end-development\02_create-read-update-and-delete-crud-operations\03_update-and-delete\03_04_additional-resources_index.htm","C:\Users\Sujay\Desktop\META-USEFUL\intro-to-databases-back-end-development\02_create-read-update-and-delete-crud-operations\03_update-and-delete\03_04_additional-resources_index.htm","54.27"
"intro-to-databases-back-end-development","03_04_additional-resources_instructions.html",".html","C:\Users\Sujay\Desktop\META\intro-to-databases-back-end-development\02_create-read-update-and-delete-crud-operations\03_update-and-delete\03_04_additional-resources_instructions.html","C:\Users\Sujay\Desktop\META-USEFUL\intro-to-databases-back-end-development\02_create-read-update-and-delete-crud-operations\03_update-and-delete\03_04_additional-resources_instructions.html","1.43"
"intro-to-databases-back-end-development","01_01_sql-arithmetic-operators.en.txt",".txt","C:\Users\Sujay\Desktop\META\intro-to-databases-back-end-development\03_sql-operators-and-sorting-and-filtering-data\01_sql-operators\01_01_sql-arithmetic-operators.en.txt","C:\Users\Sujay\Desktop\META-USEFUL\intro-to-databases-back-end-development\03_sql-operators-and-sorting-and-filtering-data\01_sql-operators\01_01_sql-arithmetic-operators.en.txt","4.08"
"intro-to-databases-back-end-development","01_02_sql-arithmetic-operator-examples_instructions.html",".html","C:\Users\Sujay\Desktop\META\intro-to-databases-back-end-development\03_sql-operators-and-sorting-and-filtering-data\01_sql-operators\01_02_sql-arithmetic-operator-examples_instructions.html","C:\Users\Sujay\Desktop\META-USEFUL\intro-to-databases-back-end-development\03_sql-operators-and-sorting-and-filtering-data\01_sql-operators\01_02_sql-arithmetic-operator-examples_instructions.html","24.08"
"intro-to-databases-back-end-development","01_03_operators-in-use.en.txt",".txt","C:\Users\Sujay\Desktop\META\intro-to-databases-back-end-development\03_sql-operators-and-sorting-and-filtering-data\01_sql-operators\01_03_operators-in-use.en.txt","C:\Users\Sujay\Desktop\META-USEFUL\intro-to-databases-back-end-development\03_sql-operators-and-sorting-and-filtering-data\01_sql-operators\01_03_operators-in-use.en.txt","3.53"
"intro-to-databases-back-end-development","01_04_sql-comparison-operators.en.txt",".txt","C:\Users\Sujay\Desktop\META\intro-to-databases-back-end-development\03_sql-operators-and-sorting-and-filtering-data\01_sql-operators\01_04_sql-comparison-operators.en.txt","C:\Users\Sujay\Desktop\META-USEFUL\intro-to-databases-back-end-development\03_sql-operators-and-sorting-and-filtering-data\01_sql-operators\01_04_sql-comparison-operators.en.txt","4.97"
"intro-to-databases-back-end-development","01_05_sql-comparison-operator-examples_instructions.html",".html","C:\Users\Sujay\Desktop\META\intro-to-databases-back-end-development\03_sql-operators-and-sorting-and-filtering-data\01_sql-operators\01_05_sql-comparison-operator-examples_instructions.html","C:\Users\Sujay\Desktop\META-USEFUL\intro-to-databases-back-end-development\03_sql-operators-and-sorting-and-filtering-data\01_sql-operators\01_05_sql-comparison-operator-examples_instructions.html","17.44"
"intro-to-databases-back-end-development","01_06_additional-resources_instructions.html",".html","C:\Users\Sujay\Desktop\META\intro-to-databases-back-end-development\03_sql-operators-and-sorting-and-filtering-data\01_sql-operators\01_06_additional-resources_instructions.html","C:\Users\Sujay\Desktop\META-USEFUL\intro-to-databases-back-end-development\03_sql-operators-and-sorting-and-filtering-data\01_sql-operators\01_06_additional-resources_instructions.html","1.64"
"intro-to-databases-back-end-development","01_06_additional-resources_sql-comparison-operators.php",".php","C:\Users\Sujay\Desktop\META\intro-to-databases-back-end-development\03_sql-operators-and-sorting-and-filtering-data\01_sql-operators\01_06_additional-resources_sql-comparison-operators.php","C:\Users\Sujay\Desktop\META-USEFUL\intro-to-databases-back-end-development\03_sql-operators-and-sorting-and-filtering-data\01_sql-operators\01_06_additional-resources_sql-comparison-operators.php","151.82"
"intro-to-databases-back-end-development","01_06_additional-resources_sql-operators.htm",".htm","C:\Users\Sujay\Desktop\META\intro-to-databases-back-end-development\03_sql-operators-and-sorting-and-filtering-data\01_sql-operators\01_06_additional-resources_sql-operators.htm","C:\Users\Sujay\Desktop\META-USEFUL\intro-to-databases-back-end-development\03_sql-operators-and-sorting-and-filtering-data\01_sql-operators\01_06_additional-resources_sql-operators.htm","46.15"
"intro-to-databases-back-end-development","02_01_order-by-clause.en.txt",".txt","C:\Users\Sujay\Desktop\META\intro-to-databases-back-end-development\03_sql-operators-and-sorting-and-filtering-data\02_sorting-and-filtering-data\02_01_order-by-clause.en.txt","C:\Users\Sujay\Desktop\META-USEFUL\intro-to-databases-back-end-development\03_sql-operators-and-sorting-and-filtering-data\02_sorting-and-filtering-data\02_01_order-by-clause.en.txt","5.03"
"intro-to-databases-back-end-development","02_02_types-of-ordering-sorting_instructions.html",".html","C:\Users\Sujay\Desktop\META\intro-to-databases-back-end-development\03_sql-operators-and-sorting-and-filtering-data\02_sorting-and-filtering-data\02_02_types-of-ordering-sorting_instructions.html","C:\Users\Sujay\Desktop\META-USEFUL\intro-to-databases-back-end-development\03_sql-operators-and-sorting-and-filtering-data\02_sorting-and-filtering-data\02_02_types-of-ordering-sorting_instructions.html","6.7"
"intro-to-databases-back-end-development","02_03_where-clause.en.txt",".txt","C:\Users\Sujay\Desktop\META\intro-to-databases-back-end-development\03_sql-operators-and-sorting-and-filtering-data\02_sorting-and-filtering-data\02_03_where-clause.en.txt","C:\Users\Sujay\Desktop\META-USEFUL\intro-to-databases-back-end-development\03_sql-operators-and-sorting-and-filtering-data\02_sorting-and-filtering-data\02_03_where-clause.en.txt","6.8"
"intro-to-databases-back-end-development","02_04_where-clause-uses_instructions.html",".html","C:\Users\Sujay\Desktop\META\intro-to-databases-back-end-development\03_sql-operators-and-sorting-and-filtering-data\02_sorting-and-filtering-data\02_04_where-clause-uses_instructions.html","C:\Users\Sujay\Desktop\META-USEFUL\intro-to-databases-back-end-development\03_sql-operators-and-sorting-and-filtering-data\02_sorting-and-filtering-data\02_04_where-clause-uses_instructions.html","11.2"
"intro-to-databases-back-end-development","02_05_select-distinct-clause.en.txt",".txt","C:\Users\Sujay\Desktop\META\intro-to-databases-back-end-development\03_sql-operators-and-sorting-and-filtering-data\02_sorting-and-filtering-data\02_05_select-distinct-clause.en.txt","C:\Users\Sujay\Desktop\META-USEFUL\intro-to-databases-back-end-development\03_sql-operators-and-sorting-and-filtering-data\02_sorting-and-filtering-data\02_05_select-distinct-clause.en.txt","4.04"
"intro-to-databases-back-end-development","02_06_select-distinct-clause-in-use_instructions.html",".html","C:\Users\Sujay\Desktop\META\intro-to-databases-back-end-development\03_sql-operators-and-sorting-and-filtering-data\02_sorting-and-filtering-data\02_06_select-distinct-clause-in-use_instructions.html","C:\Users\Sujay\Desktop\META-USEFUL\intro-to-databases-back-end-development\03_sql-operators-and-sorting-and-filtering-data\02_sorting-and-filtering-data\02_06_select-distinct-clause-in-use_instructions.html","7.2"
"intro-to-databases-back-end-development","02_07_module-summary-sql-operators-and-sorting-and-filtering-data.en.txt",".txt","C:\Users\Sujay\Desktop\META\intro-to-databases-back-end-development\03_sql-operators-and-sorting-and-filtering-data\02_sorting-and-filtering-data\02_07_module-summary-sql-operators-and-sorting-and-filtering-data.en.txt","C:\Users\Sujay\Desktop\META-USEFUL\intro-to-databases-back-end-development\03_sql-operators-and-sorting-and-filtering-data\02_sorting-and-filtering-data\02_07_module-summary-sql-operators-and-sorting-and-filtering-data.en.txt","1.64"
"intro-to-databases-back-end-development","02_08_additional-resources_instructions.html",".html","C:\Users\Sujay\Desktop\META\intro-to-databases-back-end-development\03_sql-operators-and-sorting-and-filtering-data\02_sorting-and-filtering-data\02_08_additional-resources_instructions.html","C:\Users\Sujay\Desktop\META-USEFUL\intro-to-databases-back-end-development\03_sql-operators-and-sorting-and-filtering-data\02_sorting-and-filtering-data\02_08_additional-resources_instructions.html","1.44"
"intro-to-databases-back-end-development","02_08_additional-resources_sql-operators.htm",".htm","C:\Users\Sujay\Desktop\META\intro-to-databases-back-end-development\03_sql-operators-and-sorting-and-filtering-data\02_sorting-and-filtering-data\02_08_additional-resources_sql-operators.htm","C:\Users\Sujay\Desktop\META-USEFUL\intro-to-databases-back-end-development\03_sql-operators-and-sorting-and-filtering-data\02_sorting-and-filtering-data\02_08_additional-resources_sql-operators.htm","46.15"
"intro-to-databases-back-end-development","01_01_database-schema.en.txt",".txt","C:\Users\Sujay\Desktop\META\intro-to-databases-back-end-development\04_database-design\01_designing-database-schema\01_01_database-schema.en.txt","C:\Users\Sujay\Desktop\META-USEFUL\intro-to-databases-back-end-development\04_database-design\01_designing-database-schema\01_01_database-schema.en.txt","3.12"
"intro-to-databases-back-end-development","01_02_exploring-database-schema_instructions.html",".html","C:\Users\Sujay\Desktop\META\intro-to-databases-back-end-development\04_database-design\01_designing-database-schema\01_02_exploring-database-schema_instructions.html","C:\Users\Sujay\Desktop\META-USEFUL\intro-to-databases-back-end-development\04_database-design\01_designing-database-schema\01_02_exploring-database-schema_instructions.html","1561.26"
"intro-to-databases-back-end-development","01_03_schema-in-use.en.txt",".txt","C:\Users\Sujay\Desktop\META\intro-to-databases-back-end-development\04_database-design\01_designing-database-schema\01_03_schema-in-use.en.txt","C:\Users\Sujay\Desktop\META-USEFUL\intro-to-databases-back-end-development\04_database-design\01_designing-database-schema\01_03_schema-in-use.en.txt","3.47"
"intro-to-databases-back-end-development","01_04_types-of-database-schema.en.txt",".txt","C:\Users\Sujay\Desktop\META\intro-to-databases-back-end-development\04_database-design\01_designing-database-schema\01_04_types-of-database-schema.en.txt","C:\Users\Sujay\Desktop\META-USEFUL\intro-to-databases-back-end-development\04_database-design\01_designing-database-schema\01_04_types-of-database-schema.en.txt","2.53"
"intro-to-databases-back-end-development","01_05_building-a-schema_instructions.html",".html","C:\Users\Sujay\Desktop\META\intro-to-databases-back-end-development\04_database-design\01_designing-database-schema\01_05_building-a-schema_instructions.html","C:\Users\Sujay\Desktop\META-USEFUL\intro-to-databases-back-end-development\04_database-design\01_designing-database-schema\01_05_building-a-schema_instructions.html","425.68"
"intro-to-databases-back-end-development","01_06_additional-resources_instructions.html",".html","C:\Users\Sujay\Desktop\META\intro-to-databases-back-end-development\04_database-design\01_designing-database-schema\01_06_additional-resources_instructions.html","C:\Users\Sujay\Desktop\META-USEFUL\intro-to-databases-back-end-development\04_database-design\01_designing-database-schema\01_06_additional-resources_instructions.html","1.68"
"intro-to-databases-back-end-development","02_01_table-relationships.en.txt",".txt","C:\Users\Sujay\Desktop\META\intro-to-databases-back-end-development\04_database-design\02_relational-database-design\02_01_table-relationships.en.txt","C:\Users\Sujay\Desktop\META-USEFUL\intro-to-databases-back-end-development\04_database-design\02_relational-database-design\02_01_table-relationships.en.txt","3.56"
"intro-to-databases-back-end-development","02_02_relational-model_instructions.html",".html","C:\Users\Sujay\Desktop\META\intro-to-databases-back-end-development\04_database-design\02_relational-database-design\02_02_relational-model_instructions.html","C:\Users\Sujay\Desktop\META-USEFUL\intro-to-databases-back-end-development\04_database-design\02_relational-database-design\02_02_relational-model_instructions.html","131.53"
"intro-to-databases-back-end-development","02_03_primary-key.en.txt",".txt","C:\Users\Sujay\Desktop\META\intro-to-databases-back-end-development\04_database-design\02_relational-database-design\02_03_primary-key.en.txt","C:\Users\Sujay\Desktop\META-USEFUL\intro-to-databases-back-end-development\04_database-design\02_relational-database-design\02_03_primary-key.en.txt","2.69"
"intro-to-databases-back-end-development","02_04_foreign-key.en.txt",".txt","C:\Users\Sujay\Desktop\META\intro-to-databases-back-end-development\04_database-design\02_relational-database-design\02_04_foreign-key.en.txt","C:\Users\Sujay\Desktop\META-USEFUL\intro-to-databases-back-end-development\04_database-design\02_relational-database-design\02_04_foreign-key.en.txt","4.68"
"intro-to-databases-back-end-development","02_05_keys-in-depth_instructions.html",".html","C:\Users\Sujay\Desktop\META\intro-to-databases-back-end-development\04_database-design\02_relational-database-design\02_05_keys-in-depth_instructions.html","C:\Users\Sujay\Desktop\META-USEFUL\intro-to-databases-back-end-development\04_database-design\02_relational-database-design\02_05_keys-in-depth_instructions.html","401.57"
"intro-to-databases-back-end-development","02_06_finding-entitites.en.txt",".txt","C:\Users\Sujay\Desktop\META\intro-to-databases-back-end-development\04_database-design\02_relational-database-design\02_06_finding-entitites.en.txt","C:\Users\Sujay\Desktop\META-USEFUL\intro-to-databases-back-end-development\04_database-design\02_relational-database-design\02_06_finding-entitites.en.txt","3.39"
"intro-to-databases-back-end-development","02_07_entity-relationship-diagrams-erd_instructions.html",".html","C:\Users\Sujay\Desktop\META\intro-to-databases-back-end-development\04_database-design\02_relational-database-design\02_07_entity-relationship-diagrams-erd_instructions.html","C:\Users\Sujay\Desktop\META-USEFUL\intro-to-databases-back-end-development\04_database-design\02_relational-database-design\02_07_entity-relationship-diagrams-erd_instructions.html","83.19"
"intro-to-databases-back-end-development","02_08_additional-resources_instructions.html",".html","C:\Users\Sujay\Desktop\META\intro-to-databases-back-end-development\04_database-design\02_relational-database-design\02_08_additional-resources_instructions.html","C:\Users\Sujay\Desktop\META-USEFUL\intro-to-databases-back-end-development\04_database-design\02_relational-database-design\02_08_additional-resources_instructions.html","1.68"
"intro-to-databases-back-end-development","03_01_what-is-database-normalization.en.txt",".txt","C:\Users\Sujay\Desktop\META\intro-to-databases-back-end-development\04_database-design\03_database-normalization\03_01_what-is-database-normalization.en.txt","C:\Users\Sujay\Desktop\META-USEFUL\intro-to-databases-back-end-development\04_database-design\03_database-normalization\03_01_what-is-database-normalization.en.txt","4.76"
"intro-to-databases-back-end-development","03_02_data-normalization_instructions.html",".html","C:\Users\Sujay\Desktop\META\intro-to-databases-back-end-development\04_database-design\03_database-normalization\03_02_data-normalization_instructions.html","C:\Users\Sujay\Desktop\META-USEFUL\intro-to-databases-back-end-development\04_database-design\03_database-normalization\03_02_data-normalization_instructions.html","203.63"
"intro-to-databases-back-end-development","03_03_first-normal-form-1nf.en.txt",".txt","C:\Users\Sujay\Desktop\META\intro-to-databases-back-end-development\04_database-design\03_database-normalization\03_03_first-normal-form-1nf.en.txt","C:\Users\Sujay\Desktop\META-USEFUL\intro-to-databases-back-end-development\04_database-design\03_database-normalization\03_03_first-normal-form-1nf.en.txt","4.29"
"intro-to-databases-back-end-development","03_04_second-normal-form-2nf.en.txt",".txt","C:\Users\Sujay\Desktop\META\intro-to-databases-back-end-development\04_database-design\03_database-normalization\03_04_second-normal-form-2nf.en.txt","C:\Users\Sujay\Desktop\META-USEFUL\intro-to-databases-back-end-development\04_database-design\03_database-normalization\03_04_second-normal-form-2nf.en.txt","5.71"
"intro-to-databases-back-end-development","03_05_third-normal-form-3nf.en.txt",".txt","C:\Users\Sujay\Desktop\META\intro-to-databases-back-end-development\04_database-design\03_database-normalization\03_05_third-normal-form-3nf.en.txt","C:\Users\Sujay\Desktop\META-USEFUL\intro-to-databases-back-end-development\04_database-design\03_database-normalization\03_05_third-normal-form-3nf.en.txt","4.09"
"intro-to-databases-back-end-development","03_06_module-summary-database-design.en.txt",".txt","C:\Users\Sujay\Desktop\META\intro-to-databases-back-end-development\04_database-design\03_database-normalization\03_06_module-summary-database-design.en.txt","C:\Users\Sujay\Desktop\META-USEFUL\intro-to-databases-back-end-development\04_database-design\03_database-normalization\03_06_module-summary-database-design.en.txt","2.14"
"intro-to-databases-back-end-development","03_07_additional-resources_instructions.html",".html","C:\Users\Sujay\Desktop\META\intro-to-databases-back-end-development\04_database-design\03_database-normalization\03_07_additional-resources_instructions.html","C:\Users\Sujay\Desktop\META-USEFUL\intro-to-databases-back-end-development\04_database-design\03_database-normalization\03_07_additional-resources_instructions.html","1.55"
"intro-to-databases-back-end-development","01_01_course-recap-introduction-to-databases-for-back-end-development.en.txt",".txt","C:\Users\Sujay\Desktop\META\intro-to-databases-back-end-development\05_graded-assessment\01_graded-assessment\01_01_course-recap-introduction-to-databases-for-back-end-development.en.txt","C:\Users\Sujay\Desktop\META-USEFUL\intro-to-databases-back-end-development\05_graded-assessment\01_graded-assessment\01_01_course-recap-introduction-to-databases-for-back-end-development.en.txt","2.65"
"intro-to-databases-back-end-development","01_02_about-the-final-graded-quiz-assessment_instructions.html",".html","C:\Users\Sujay\Desktop\META\intro-to-databases-back-end-development\05_graded-assessment\01_graded-assessment\01_02_about-the-final-graded-quiz-assessment_instructions.html","C:\Users\Sujay\Desktop\META-USEFUL\intro-to-databases-back-end-development\05_graded-assessment\01_graded-assessment\01_02_about-the-final-graded-quiz-assessment_instructions.html","2.01"
"intro-to-databases-back-end-development","02_01_congratulations-you-have-completed-intro-to-databases-for-back-end-development.en.txt",".txt","C:\Users\Sujay\Desktop\META\intro-to-databases-back-end-development\05_graded-assessment\02_course-wrap-up\02_01_congratulations-you-have-completed-intro-to-databases-for-back-end-development.en.txt","C:\Users\Sujay\Desktop\META-USEFUL\intro-to-databases-back-end-development\05_graded-assessment\02_course-wrap-up\02_01_congratulations-you-have-completed-intro-to-databases-for-back-end-development.en.txt","2.24"
"intro-to-databases-back-end-development","02_02_next-steps-after-introduction-to-databases_instructions.html",".html","C:\Users\Sujay\Desktop\META\intro-to-databases-back-end-development\05_graded-assessment\02_course-wrap-up\02_02_next-steps-after-introduction-to-databases_instructions.html","C:\Users\Sujay\Desktop\META-USEFUL\intro-to-databases-back-end-development\05_graded-assessment\02_course-wrap-up\02_02_next-steps-after-introduction-to-databases_instructions.html","1.08"
"introduction-to-back-end-development","01_01_introduction-to-the-program.en.txt",".txt","C:\Users\Sujay\Desktop\META\introduction-to-back-end-development\01_get-started-with-web-development\01_introduction-to-the-professional-certificate\01_01_introduction-to-the-program.en.txt","C:\Users\Sujay\Desktop\META-USEFUL\introduction-to-back-end-development\01_get-started-with-web-development\01_introduction-to-the-professional-certificate\01_01_introduction-to-the-program.en.txt","2.71"
"introduction-to-back-end-development","01_02_introduction-to-the-course.en.txt",".txt","C:\Users\Sujay\Desktop\META\introduction-to-back-end-development\01_get-started-with-web-development\01_introduction-to-the-professional-certificate\01_02_introduction-to-the-course.en.txt","C:\Users\Sujay\Desktop\META-USEFUL\introduction-to-back-end-development\01_get-started-with-web-development\01_introduction-to-the-professional-certificate\01_02_introduction-to-the-course.en.txt","3.93"
"introduction-to-back-end-development","01_03_front-end-back-end-and-full-stack-developer-roles.en.txt",".txt","C:\Users\Sujay\Desktop\META\introduction-to-back-end-development\01_get-started-with-web-development\01_introduction-to-the-professional-certificate\01_03_front-end-back-end-and-full-stack-developer-roles.en.txt","C:\Users\Sujay\Desktop\META-USEFUL\introduction-to-back-end-development\01_get-started-with-web-development\01_introduction-to-the-professional-certificate\01_03_front-end-back-end-and-full-stack-developer-roles.en.txt","5.39"
"introduction-to-back-end-development","01_04_a-day-in-the-life-of-a-back-end-developer.en.txt",".txt","C:\Users\Sujay\Desktop\META\introduction-to-back-end-development\01_get-started-with-web-development\01_introduction-to-the-professional-certificate\01_04_a-day-in-the-life-of-a-back-end-developer.en.txt","C:\Users\Sujay\Desktop\META-USEFUL\introduction-to-back-end-development\01_get-started-with-web-development\01_introduction-to-the-professional-certificate\01_04_a-day-in-the-life-of-a-back-end-developer.en.txt","4.27"
"introduction-to-back-end-development","01_05_course-syllabus-for-introduction-to-back-end-development_instructions.html",".html","C:\Users\Sujay\Desktop\META\introduction-to-back-end-development\01_get-started-with-web-development\01_introduction-to-the-professional-certificate\01_05_course-syllabus-for-introduction-to-back-end-development_instructions.html","C:\Users\Sujay\Desktop\META-USEFUL\introduction-to-back-end-development\01_get-started-with-web-development\01_introduction-to-the-professional-certificate\01_05_course-syllabus-for-introduction-to-back-end-development_instructions.html","4.87"
"introduction-to-back-end-development","01_06_how-to-be-successful-in-this-course_instructions.html",".html","C:\Users\Sujay\Desktop\META\introduction-to-back-end-development\01_get-started-with-web-development\01_introduction-to-the-professional-certificate\01_06_how-to-be-successful-in-this-course_instructions.html","C:\Users\Sujay\Desktop\META-USEFUL\introduction-to-back-end-development\01_get-started-with-web-development\01_introduction-to-the-professional-certificate\01_06_how-to-be-successful-in-this-course_instructions.html","6.04"
"introduction-to-back-end-development","01_07_capstone-project-overview_instructions.html",".html","C:\Users\Sujay\Desktop\META\introduction-to-back-end-development\01_get-started-with-web-development\01_introduction-to-the-professional-certificate\01_07_capstone-project-overview_instructions.html","C:\Users\Sujay\Desktop\META-USEFUL\introduction-to-back-end-development\01_get-started-with-web-development\01_introduction-to-the-professional-certificate\01_07_capstone-project-overview_instructions.html","3.14"
"introduction-to-back-end-development","02_01_how-the-internet-works.en.txt",".txt","C:\Users\Sujay\Desktop\META\introduction-to-back-end-development\01_get-started-with-web-development\02_how-the-web-works\02_01_how-the-internet-works.en.txt","C:\Users\Sujay\Desktop\META-USEFUL\introduction-to-back-end-development\01_get-started-with-web-development\02_how-the-web-works\02_01_how-the-internet-works.en.txt","1.82"
"introduction-to-back-end-development","02_02_what-is-a-web-server-and-how-does-it-work.en.txt",".txt","C:\Users\Sujay\Desktop\META\introduction-to-back-end-development\01_get-started-with-web-development\02_how-the-web-works\02_02_what-is-a-web-server-and-how-does-it-work.en.txt","C:\Users\Sujay\Desktop\META-USEFUL\introduction-to-back-end-development\01_get-started-with-web-development\02_how-the-web-works\02_02_what-is-a-web-server-and-how-does-it-work.en.txt","2.27"
"introduction-to-back-end-development","02_03_what-are-websites-and-webpages.en.txt",".txt","C:\Users\Sujay\Desktop\META\introduction-to-back-end-development\01_get-started-with-web-development\02_how-the-web-works\02_03_what-are-websites-and-webpages.en.txt","C:\Users\Sujay\Desktop\META-USEFUL\introduction-to-back-end-development\01_get-started-with-web-development\02_how-the-web-works\02_03_what-are-websites-and-webpages.en.txt","5.18"
"introduction-to-back-end-development","02_04_what-is-a-web-browser-and-how-does-it-work.en.txt",".txt","C:\Users\Sujay\Desktop\META\introduction-to-back-end-development\01_get-started-with-web-development\02_how-the-web-works\02_04_what-is-a-web-browser-and-how-does-it-work.en.txt","C:\Users\Sujay\Desktop\META-USEFUL\introduction-to-back-end-development\01_get-started-with-web-development\02_how-the-web-works\02_04_what-is-a-web-browser-and-how-does-it-work.en.txt","3.35"
"introduction-to-back-end-development","02_05_web-hosting.en.txt",".txt","C:\Users\Sujay\Desktop\META\introduction-to-back-end-development\01_get-started-with-web-development\02_how-the-web-works\02_05_web-hosting.en.txt","C:\Users\Sujay\Desktop\META-USEFUL\introduction-to-back-end-development\01_get-started-with-web-development\02_how-the-web-works\02_05_web-hosting.en.txt","3.44"
"introduction-to-back-end-development","02_06_additional-resources_instructions.html",".html","C:\Users\Sujay\Desktop\META\introduction-to-back-end-development\01_get-started-with-web-development\02_how-the-web-works\02_06_additional-resources_instructions.html","C:\Users\Sujay\Desktop\META-USEFUL\introduction-to-back-end-development\01_get-started-with-web-development\02_how-the-web-works\02_06_additional-resources_instructions.html","2.04"
"introduction-to-back-end-development","03_01_introduction-to-internet-protocols.en.txt",".txt","C:\Users\Sujay\Desktop\META\introduction-to-back-end-development\01_get-started-with-web-development\03_core-internet-technologies\03_01_introduction-to-internet-protocols.en.txt","C:\Users\Sujay\Desktop\META-USEFUL\introduction-to-back-end-development\01_get-started-with-web-development\03_core-internet-technologies\03_01_introduction-to-internet-protocols.en.txt","4.05"
"introduction-to-back-end-development","03_02_introduction-to-http.en.txt",".txt","C:\Users\Sujay\Desktop\META\introduction-to-back-end-development\01_get-started-with-web-development\03_core-internet-technologies\03_02_introduction-to-http.en.txt","C:\Users\Sujay\Desktop\META-USEFUL\introduction-to-back-end-development\01_get-started-with-web-development\03_core-internet-technologies\03_02_introduction-to-http.en.txt","6.95"
"introduction-to-back-end-development","03_03_http-examples_instructions.html",".html","C:\Users\Sujay\Desktop\META\introduction-to-back-end-development\01_get-started-with-web-development\03_core-internet-technologies\03_03_http-examples_instructions.html","C:\Users\Sujay\Desktop\META-USEFUL\introduction-to-back-end-development\01_get-started-with-web-development\03_core-internet-technologies\03_03_http-examples_instructions.html","12.11"
"introduction-to-back-end-development","03_04_intro-to-html-css-and-javascript.en.txt",".txt","C:\Users\Sujay\Desktop\META\introduction-to-back-end-development\01_get-started-with-web-development\03_core-internet-technologies\03_04_intro-to-html-css-and-javascript.en.txt","C:\Users\Sujay\Desktop\META-USEFUL\introduction-to-back-end-development\01_get-started-with-web-development\03_core-internet-technologies\03_04_intro-to-html-css-and-javascript.en.txt","3.78"
"introduction-to-back-end-development","03_05_other-internet-protocols_instructions.html",".html","C:\Users\Sujay\Desktop\META\introduction-to-back-end-development\01_get-started-with-web-development\03_core-internet-technologies\03_05_other-internet-protocols_instructions.html","C:\Users\Sujay\Desktop\META-USEFUL\introduction-to-back-end-development\01_get-started-with-web-development\03_core-internet-technologies\03_05_other-internet-protocols_instructions.html","5.18"
"introduction-to-back-end-development","03_06_webpages-websites-and-web-apps.en.txt",".txt","C:\Users\Sujay\Desktop\META\introduction-to-back-end-development\01_get-started-with-web-development\03_core-internet-technologies\03_06_webpages-websites-and-web-apps.en.txt","C:\Users\Sujay\Desktop\META-USEFUL\introduction-to-back-end-development\01_get-started-with-web-development\03_core-internet-technologies\03_06_webpages-websites-and-web-apps.en.txt","2.64"
"introduction-to-back-end-development","03_07_developer-tools.en.txt",".txt","C:\Users\Sujay\Desktop\META\introduction-to-back-end-development\01_get-started-with-web-development\03_core-internet-technologies\03_07_developer-tools.en.txt","C:\Users\Sujay\Desktop\META-USEFUL\introduction-to-back-end-development\01_get-started-with-web-development\03_core-internet-technologies\03_07_developer-tools.en.txt","3.08"
"introduction-to-back-end-development","03_08_exercise-examine-a-web-page_instructions.html",".html","C:\Users\Sujay\Desktop\META\introduction-to-back-end-development\01_get-started-with-web-development\03_core-internet-technologies\03_08_exercise-examine-a-web-page_instructions.html","C:\Users\Sujay\Desktop\META-USEFUL\introduction-to-back-end-development\01_get-started-with-web-development\03_core-internet-technologies\03_08_exercise-examine-a-web-page_instructions.html","245.9"
"introduction-to-back-end-development","03_09_exercise-edit-a-website-using-a-browser-developer-tools_instructions.html",".html","C:\Users\Sujay\Desktop\META\introduction-to-back-end-development\01_get-started-with-web-development\03_core-internet-technologies\03_09_exercise-edit-a-website-using-a-browser-developer-tools_instructions.html","C:\Users\Sujay\Desktop\META-USEFUL\introduction-to-back-end-development\01_get-started-with-web-development\03_core-internet-technologies\03_09_exercise-edit-a-website-using-a-browser-developer-tools_instructions.html","232.42"
"introduction-to-back-end-development","03_10_frameworks-and-libraries.en.txt",".txt","C:\Users\Sujay\Desktop\META\introduction-to-back-end-development\01_get-started-with-web-development\03_core-internet-technologies\03_10_frameworks-and-libraries.en.txt","C:\Users\Sujay\Desktop\META-USEFUL\introduction-to-back-end-development\01_get-started-with-web-development\03_core-internet-technologies\03_10_frameworks-and-libraries.en.txt","5.3"
"introduction-to-back-end-development","03_11_apis-and-services.en.txt",".txt","C:\Users\Sujay\Desktop\META\introduction-to-back-end-development\01_get-started-with-web-development\03_core-internet-technologies\03_11_apis-and-services.en.txt","C:\Users\Sujay\Desktop\META-USEFUL\introduction-to-back-end-development\01_get-started-with-web-development\03_core-internet-technologies\03_11_apis-and-services.en.txt","4.07"
"introduction-to-back-end-development","03_12_what-is-a-an-ide.en.txt",".txt","C:\Users\Sujay\Desktop\META\introduction-to-back-end-development\01_get-started-with-web-development\03_core-internet-technologies\03_12_what-is-a-an-ide.en.txt","C:\Users\Sujay\Desktop\META-USEFUL\introduction-to-back-end-development\01_get-started-with-web-development\03_core-internet-technologies\03_12_what-is-a-an-ide.en.txt","3.62"
"introduction-to-back-end-development","03_13_setting-up-your-local-development-environment_instructions.html",".html","C:\Users\Sujay\Desktop\META\introduction-to-back-end-development\01_get-started-with-web-development\03_core-internet-technologies\03_13_setting-up-your-local-development-environment_instructions.html","C:\Users\Sujay\Desktop\META-USEFUL\introduction-to-back-end-development\01_get-started-with-web-development\03_core-internet-technologies\03_13_setting-up-your-local-development-environment_instructions.html","554.73"
"introduction-to-back-end-development","03_14_visual-studio-code-on-coursera_instructions.html",".html","C:\Users\Sujay\Desktop\META\introduction-to-back-end-development\01_get-started-with-web-development\03_core-internet-technologies\03_14_visual-studio-code-on-coursera_instructions.html","C:\Users\Sujay\Desktop\META-USEFUL\introduction-to-back-end-development\01_get-started-with-web-development\03_core-internet-technologies\03_14_visual-studio-code-on-coursera_instructions.html","959.21"
"introduction-to-back-end-development","03_15_module-summary-get-started-with-web-development.en.txt",".txt","C:\Users\Sujay\Desktop\META\introduction-to-back-end-development\01_get-started-with-web-development\03_core-internet-technologies\03_15_module-summary-get-started-with-web-development.en.txt","C:\Users\Sujay\Desktop\META-USEFUL\introduction-to-back-end-development\01_get-started-with-web-development\03_core-internet-technologies\03_15_module-summary-get-started-with-web-development.en.txt","2.41"
"introduction-to-back-end-development","03_16_additional-resources_index.html",".html","C:\Users\Sujay\Desktop\META\introduction-to-back-end-development\01_get-started-with-web-development\03_core-internet-technologies\03_16_additional-resources_index.html","C:\Users\Sujay\Desktop\META-USEFUL\introduction-to-back-end-development\01_get-started-with-web-development\03_core-internet-technologies\03_16_additional-resources_index.html","40.32"
"introduction-to-back-end-development","03_16_additional-resources_instructions.html",".html","C:\Users\Sujay\Desktop\META\introduction-to-back-end-development\01_get-started-with-web-development\03_core-internet-technologies\03_16_additional-resources_instructions.html","C:\Users\Sujay\Desktop\META-USEFUL\introduction-to-back-end-development\01_get-started-with-web-development\03_core-internet-technologies\03_16_additional-resources_instructions.html","2.22"
"introduction-to-back-end-development","01_01_what-is-hyper-text-markup-language.en.txt",".txt","C:\Users\Sujay\Desktop\META\introduction-to-back-end-development\02_introduction-to-html-and-css\01_getting-started-with-html\01_01_what-is-hyper-text-markup-language.en.txt","C:\Users\Sujay\Desktop\META-USEFUL\introduction-to-back-end-development\02_introduction-to-html-and-css\01_getting-started-with-html\01_01_what-is-hyper-text-markup-language.en.txt","4.1"
"introduction-to-back-end-development","01_02_html-documents.en.txt",".txt","C:\Users\Sujay\Desktop\META\introduction-to-back-end-development\02_introduction-to-html-and-css\01_getting-started-with-html\01_02_html-documents.en.txt","C:\Users\Sujay\Desktop\META-USEFUL\introduction-to-back-end-development\02_introduction-to-html-and-css\01_getting-started-with-html\01_02_html-documents.en.txt","3.58"
"introduction-to-back-end-development","01_03_simple-html-tags_instructions.html",".html","C:\Users\Sujay\Desktop\META\introduction-to-back-end-development\02_introduction-to-html-and-css\01_getting-started-with-html\01_03_simple-html-tags_instructions.html","C:\Users\Sujay\Desktop\META-USEFUL\introduction-to-back-end-development\02_introduction-to-html-and-css\01_getting-started-with-html\01_03_simple-html-tags_instructions.html","77.85"
"introduction-to-back-end-development","01_04_linking-documents.en.txt",".txt","C:\Users\Sujay\Desktop\META\introduction-to-back-end-development\02_introduction-to-html-and-css\01_getting-started-with-html\01_04_linking-documents.en.txt","C:\Users\Sujay\Desktop\META-USEFUL\introduction-to-back-end-development\02_introduction-to-html-and-css\01_getting-started-with-html\01_04_linking-documents.en.txt","1.97"
"introduction-to-back-end-development","01_05_adding-images-to-a-webpage-with-html.en.txt",".txt","C:\Users\Sujay\Desktop\META\introduction-to-back-end-development\02_introduction-to-html-and-css\01_getting-started-with-html\01_05_adding-images-to-a-webpage-with-html.en.txt","C:\Users\Sujay\Desktop\META-USEFUL\introduction-to-back-end-development\02_introduction-to-html-and-css\01_getting-started-with-html\01_05_adding-images-to-a-webpage-with-html.en.txt","2.47"
"introduction-to-back-end-development","01_06_use-html-to-work-with-data-in-tables.en.txt",".txt","C:\Users\Sujay\Desktop\META\introduction-to-back-end-development\02_introduction-to-html-and-css\01_getting-started-with-html\01_06_use-html-to-work-with-data-in-tables.en.txt","C:\Users\Sujay\Desktop\META-USEFUL\introduction-to-back-end-development\02_introduction-to-html-and-css\01_getting-started-with-html\01_06_use-html-to-work-with-data-in-tables.en.txt","2.74"
"introduction-to-back-end-development","01_07_what-are-forms.en.txt",".txt","C:\Users\Sujay\Desktop\META\introduction-to-back-end-development\02_introduction-to-html-and-css\01_getting-started-with-html\01_07_what-are-forms.en.txt","C:\Users\Sujay\Desktop\META-USEFUL\introduction-to-back-end-development\02_introduction-to-html-and-css\01_getting-started-with-html\01_07_what-are-forms.en.txt","4.36"
"introduction-to-back-end-development","01_08_introduction-to-the-dom.en.txt",".txt","C:\Users\Sujay\Desktop\META\introduction-to-back-end-development\02_introduction-to-html-and-css\01_getting-started-with-html\01_08_introduction-to-the-dom.en.txt","C:\Users\Sujay\Desktop\META-USEFUL\introduction-to-back-end-development\02_introduction-to-html-and-css\01_getting-started-with-html\01_08_introduction-to-the-dom.en.txt","4.12"
"introduction-to-back-end-development","01_09_web-accessibility.en.txt",".txt","C:\Users\Sujay\Desktop\META\introduction-to-back-end-development\02_introduction-to-html-and-css\01_getting-started-with-html\01_09_web-accessibility.en.txt","C:\Users\Sujay\Desktop\META-USEFUL\introduction-to-back-end-development\02_introduction-to-html-and-css\01_getting-started-with-html\01_09_web-accessibility.en.txt","3.31"
"introduction-to-back-end-development","01_10_additional-resources_instructions.html",".html","C:\Users\Sujay\Desktop\META\introduction-to-back-end-development\02_introduction-to-html-and-css\01_getting-started-with-html\01_10_additional-resources_instructions.html","C:\Users\Sujay\Desktop\META-USEFUL\introduction-to-back-end-development\02_introduction-to-html-and-css\01_getting-started-with-html\01_10_additional-resources_instructions.html","2.08"
"introduction-to-back-end-development","01_10_additional-resources_introduction.html",".html","C:\Users\Sujay\Desktop\META\introduction-to-back-end-development\02_introduction-to-html-and-css\01_getting-started-with-html\01_10_additional-resources_introduction.html","C:\Users\Sujay\Desktop\META-USEFUL\introduction-to-back-end-development\02_introduction-to-html-and-css\01_getting-started-with-html\01_10_additional-resources_introduction.html","14.48"
"introduction-to-back-end-development","02_01_selecting-and-styling.en.txt",".txt","C:\Users\Sujay\Desktop\META\introduction-to-back-end-development\02_introduction-to-html-and-css\02_css-basics\02_01_selecting-and-styling.en.txt","C:\Users\Sujay\Desktop\META-USEFUL\introduction-to-back-end-development\02_introduction-to-html-and-css\02_css-basics\02_01_selecting-and-styling.en.txt","4.95"
"introduction-to-back-end-development","02_02_different-types-of-selectors_instructions.html",".html","C:\Users\Sujay\Desktop\META\introduction-to-back-end-development\02_introduction-to-html-and-css\02_css-basics\02_02_different-types-of-selectors_instructions.html","C:\Users\Sujay\Desktop\META-USEFUL\introduction-to-back-end-development\02_introduction-to-html-and-css\02_css-basics\02_02_different-types-of-selectors_instructions.html","7.48"
"introduction-to-back-end-development","02_03_text-and-color-in-css_instructions.html",".html","C:\Users\Sujay\Desktop\META\introduction-to-back-end-development\02_introduction-to-html-and-css\02_css-basics\02_03_text-and-color-in-css_instructions.html","C:\Users\Sujay\Desktop\META-USEFUL\introduction-to-back-end-development\02_introduction-to-html-and-css\02_css-basics\02_03_text-and-color-in-css_instructions.html","4160.65"
"introduction-to-back-end-development","02_04_box-model-introduction.en.txt",".txt","C:\Users\Sujay\Desktop\META\introduction-to-back-end-development\02_introduction-to-html-and-css\02_css-basics\02_04_box-model-introduction.en.txt","C:\Users\Sujay\Desktop\META-USEFUL\introduction-to-back-end-development\02_introduction-to-html-and-css\02_css-basics\02_04_box-model-introduction.en.txt","4.06"
"introduction-to-back-end-development","02_05_document-flow-block-vs-in-line.en.txt",".txt","C:\Users\Sujay\Desktop\META\introduction-to-back-end-development\02_introduction-to-html-and-css\02_css-basics\02_05_document-flow-block-vs-in-line.en.txt","C:\Users\Sujay\Desktop\META-USEFUL\introduction-to-back-end-development\02_introduction-to-html-and-css\02_css-basics\02_05_document-flow-block-vs-in-line.en.txt","3.34"
"introduction-to-back-end-development","02_06_alignment-basics_instructions.html",".html","C:\Users\Sujay\Desktop\META\introduction-to-back-end-development\02_introduction-to-html-and-css\02_css-basics\02_06_alignment-basics_instructions.html","C:\Users\Sujay\Desktop\META-USEFUL\introduction-to-back-end-development\02_introduction-to-html-and-css\02_css-basics\02_06_alignment-basics_instructions.html","131.03"
"introduction-to-back-end-development","02_07_additional-resources_instructions.html",".html","C:\Users\Sujay\Desktop\META\introduction-to-back-end-development\02_introduction-to-html-and-css\02_css-basics\02_07_additional-resources_instructions.html","C:\Users\Sujay\Desktop\META-USEFUL\introduction-to-back-end-development\02_introduction-to-html-and-css\02_css-basics\02_07_additional-resources_instructions.html","1.8"
"introduction-to-back-end-development","03_01_module-summary-introduction-to-html-and-css.en.txt",".txt","C:\Users\Sujay\Desktop\META\introduction-to-back-end-development\02_introduction-to-html-and-css\03_creating-a-web-page\03_01_module-summary-introduction-to-html-and-css.en.txt","C:\Users\Sujay\Desktop\META-USEFUL\introduction-to-back-end-development\02_introduction-to-html-and-css\03_creating-a-web-page\03_01_module-summary-introduction-to-html-and-css.en.txt","2.73"
"introduction-to-back-end-development","01_01_working-with-libraries.en.txt",".txt","C:\Users\Sujay\Desktop\META\introduction-to-back-end-development\03_ui-frameworks\01_intro-to-ui-frameworks-and-libraries\01_01_working-with-libraries.en.txt","C:\Users\Sujay\Desktop\META-USEFUL\introduction-to-back-end-development\03_ui-frameworks\01_intro-to-ui-frameworks-and-libraries\01_01_working-with-libraries.en.txt","4.35"
"introduction-to-back-end-development","01_02_introduction-to-responsive-design.en.txt",".txt","C:\Users\Sujay\Desktop\META\introduction-to-back-end-development\03_ui-frameworks\01_intro-to-ui-frameworks-and-libraries\01_02_introduction-to-responsive-design.en.txt","C:\Users\Sujay\Desktop\META-USEFUL\introduction-to-back-end-development\03_ui-frameworks\01_intro-to-ui-frameworks-and-libraries\01_02_introduction-to-responsive-design.en.txt","4.72"
"introduction-to-back-end-development","01_03_bootstrap_instructions.html",".html","C:\Users\Sujay\Desktop\META\introduction-to-back-end-development\03_ui-frameworks\01_intro-to-ui-frameworks-and-libraries\01_03_bootstrap_instructions.html","C:\Users\Sujay\Desktop\META-USEFUL\introduction-to-back-end-development\03_ui-frameworks\01_intro-to-ui-frameworks-and-libraries\01_03_bootstrap_instructions.html","3.33"
"introduction-to-back-end-development","01_04_getting-started-with-bootstrap.en.txt",".txt","C:\Users\Sujay\Desktop\META\introduction-to-back-end-development\03_ui-frameworks\01_intro-to-ui-frameworks-and-libraries\01_04_getting-started-with-bootstrap.en.txt","C:\Users\Sujay\Desktop\META-USEFUL\introduction-to-back-end-development\03_ui-frameworks\01_intro-to-ui-frameworks-and-libraries\01_04_getting-started-with-bootstrap.en.txt","3.69"
"introduction-to-back-end-development","01_05_using-bootstrap-styles.en.txt",".txt","C:\Users\Sujay\Desktop\META\introduction-to-back-end-development\03_ui-frameworks\01_intro-to-ui-frameworks-and-libraries\01_05_using-bootstrap-styles.en.txt","C:\Users\Sujay\Desktop\META-USEFUL\introduction-to-back-end-development\03_ui-frameworks\01_intro-to-ui-frameworks-and-libraries\01_05_using-bootstrap-styles.en.txt","4.56"
"introduction-to-back-end-development","01_06_bootstrap-grid.en.txt",".txt","C:\Users\Sujay\Desktop\META\introduction-to-back-end-development\03_ui-frameworks\01_intro-to-ui-frameworks-and-libraries\01_06_bootstrap-grid.en.txt","C:\Users\Sujay\Desktop\META-USEFUL\introduction-to-back-end-development\03_ui-frameworks\01_intro-to-ui-frameworks-and-libraries\01_06_bootstrap-grid.en.txt","2.66"
"introduction-to-back-end-development","01_07_bootstrap-components.en.txt",".txt","C:\Users\Sujay\Desktop\META\introduction-to-back-end-development\03_ui-frameworks\01_intro-to-ui-frameworks-and-libraries\01_07_bootstrap-components.en.txt","C:\Users\Sujay\Desktop\META-USEFUL\introduction-to-back-end-development\03_ui-frameworks\01_intro-to-ui-frameworks-and-libraries\01_07_bootstrap-components.en.txt","3.5"
"introduction-to-back-end-development","01_08_using-bootstrap-documentation_instructions.html",".html","C:\Users\Sujay\Desktop\META\introduction-to-back-end-development\03_ui-frameworks\01_intro-to-ui-frameworks-and-libraries\01_08_using-bootstrap-documentation_instructions.html","C:\Users\Sujay\Desktop\META-USEFUL\introduction-to-back-end-development\03_ui-frameworks\01_intro-to-ui-frameworks-and-libraries\01_08_using-bootstrap-documentation_instructions.html","376.13"
"introduction-to-back-end-development","01_09_other-css-frameworks-and-libraries_instructions.html",".html","C:\Users\Sujay\Desktop\META\introduction-to-back-end-development\03_ui-frameworks\01_intro-to-ui-frameworks-and-libraries\01_09_other-css-frameworks-and-libraries_instructions.html","C:\Users\Sujay\Desktop\META-USEFUL\introduction-to-back-end-development\03_ui-frameworks\01_intro-to-ui-frameworks-and-libraries\01_09_other-css-frameworks-and-libraries_instructions.html","773.79"
"introduction-to-back-end-development","01_10_additional-resources_instructions.html",".html","C:\Users\Sujay\Desktop\META\introduction-to-back-end-development\03_ui-frameworks\01_intro-to-ui-frameworks-and-libraries\01_10_additional-resources_instructions.html","C:\Users\Sujay\Desktop\META-USEFUL\introduction-to-back-end-development\03_ui-frameworks\01_intro-to-ui-frameworks-and-libraries\01_10_additional-resources_instructions.html","1.23"
"introduction-to-back-end-development","02_01_static-and-dynamic-content.en.txt",".txt","C:\Users\Sujay\Desktop\META\introduction-to-back-end-development\03_ui-frameworks\02_introduction-to-react\02_01_static-and-dynamic-content.en.txt","C:\Users\Sujay\Desktop\META-USEFUL\introduction-to-back-end-development\03_ui-frameworks\02_introduction-to-react\02_01_static-and-dynamic-content.en.txt","3.69"
"introduction-to-back-end-development","02_02_single-page-applications.en.txt",".txt","C:\Users\Sujay\Desktop\META\introduction-to-back-end-development\03_ui-frameworks\02_introduction-to-react\02_02_single-page-applications.en.txt","C:\Users\Sujay\Desktop\META-USEFUL\introduction-to-back-end-development\03_ui-frameworks\02_introduction-to-react\02_02_single-page-applications.en.txt","5.59"
"introduction-to-back-end-development","02_03_what-is-react.en.txt",".txt","C:\Users\Sujay\Desktop\META\introduction-to-back-end-development\03_ui-frameworks\02_introduction-to-react\02_03_what-is-react.en.txt","C:\Users\Sujay\Desktop\META-USEFUL\introduction-to-back-end-development\03_ui-frameworks\02_introduction-to-react\02_03_what-is-react.en.txt","3.55"
"introduction-to-back-end-development","02_04_case-study-why-did-facebook-engineers-create-react_instructions.html",".html","C:\Users\Sujay\Desktop\META\introduction-to-back-end-development\03_ui-frameworks\02_introduction-to-react\02_04_case-study-why-did-facebook-engineers-create-react_instructions.html","C:\Users\Sujay\Desktop\META-USEFUL\introduction-to-back-end-development\03_ui-frameworks\02_introduction-to-react\02_04_case-study-why-did-facebook-engineers-create-react_instructions.html","5.59"
"introduction-to-back-end-development","02_05_how-react-works.en.txt",".txt","C:\Users\Sujay\Desktop\META\introduction-to-back-end-development\03_ui-frameworks\02_introduction-to-react\02_05_how-react-works.en.txt","C:\Users\Sujay\Desktop\META-USEFUL\introduction-to-back-end-development\03_ui-frameworks\02_introduction-to-react\02_05_how-react-works.en.txt","2.08"
"introduction-to-back-end-development","02_06_the-virtual-dom_instructions.html",".html","C:\Users\Sujay\Desktop\META\introduction-to-back-end-development\03_ui-frameworks\02_introduction-to-react\02_06_the-virtual-dom_instructions.html","C:\Users\Sujay\Desktop\META-USEFUL\introduction-to-back-end-development\03_ui-frameworks\02_introduction-to-react\02_06_the-virtual-dom_instructions.html","4.12"
"introduction-to-back-end-development","02_07_component-hierarchy.en.txt",".txt","C:\Users\Sujay\Desktop\META\introduction-to-back-end-development\03_ui-frameworks\02_introduction-to-react\02_07_component-hierarchy.en.txt","C:\Users\Sujay\Desktop\META-USEFUL\introduction-to-back-end-development\03_ui-frameworks\02_introduction-to-react\02_07_component-hierarchy.en.txt","2.91"
"introduction-to-back-end-development","02_08_react-and-complimentary-libraries_instructions.html",".html","C:\Users\Sujay\Desktop\META\introduction-to-back-end-development\03_ui-frameworks\02_introduction-to-react\02_08_react-and-complimentary-libraries_instructions.html","C:\Users\Sujay\Desktop\META-USEFUL\introduction-to-back-end-development\03_ui-frameworks\02_introduction-to-react\02_08_react-and-complimentary-libraries_instructions.html","417.74"
"introduction-to-back-end-development","02_09_module-summary-ui-frameworks.en.txt",".txt","C:\Users\Sujay\Desktop\META\introduction-to-back-end-development\03_ui-frameworks\02_introduction-to-react\02_09_module-summary-ui-frameworks.en.txt","C:\Users\Sujay\Desktop\META-USEFUL\introduction-to-back-end-development\03_ui-frameworks\02_introduction-to-react\02_09_module-summary-ui-frameworks.en.txt","1.96"
"introduction-to-back-end-development","02_10_additional-resources_instructions.html",".html","C:\Users\Sujay\Desktop\META\introduction-to-back-end-development\03_ui-frameworks\02_introduction-to-react\02_10_additional-resources_instructions.html","C:\Users\Sujay\Desktop\META-USEFUL\introduction-to-back-end-development\03_ui-frameworks\02_introduction-to-react\02_10_additional-resources_instructions.html","2.05"
"introduction-to-back-end-development","01_01_course-1-recap-introduction-to-web-development.en.txt",".txt","C:\Users\Sujay\Desktop\META\introduction-to-back-end-development\04_end-of-course-graded-assessment\01_graded-assessment\01_01_course-1-recap-introduction-to-web-development.en.txt","C:\Users\Sujay\Desktop\META-USEFUL\introduction-to-back-end-development\04_end-of-course-graded-assessment\01_graded-assessment\01_01_course-1-recap-introduction-to-web-development.en.txt","2.62"
"introduction-to-back-end-development","01_02_about-the-ungraded-lab-improve-your-bio-page-with-bootstrap_instructions.html",".html","C:\Users\Sujay\Desktop\META\introduction-to-back-end-development\04_end-of-course-graded-assessment\01_graded-assessment\01_02_about-the-ungraded-lab-improve-your-bio-page-with-bootstrap_instructions.html","C:\Users\Sujay\Desktop\META-USEFUL\introduction-to-back-end-development\04_end-of-course-graded-assessment\01_graded-assessment\01_02_about-the-ungraded-lab-improve-your-bio-page-with-bootstrap_instructions.html","141.71"
"introduction-to-back-end-development","01_03_exemplar_instructions.html",".html","C:\Users\Sujay\Desktop\META\introduction-to-back-end-development\04_end-of-course-graded-assessment\01_graded-assessment\01_03_exemplar_instructions.html","C:\Users\Sujay\Desktop\META-USEFUL\introduction-to-back-end-development\04_end-of-course-graded-assessment\01_graded-assessment\01_03_exemplar_instructions.html","143.38"
"introduction-to-back-end-development","02_01_congratulations-you-have-completed-introduction-to-web-development.en.txt",".txt","C:\Users\Sujay\Desktop\META\introduction-to-back-end-development\04_end-of-course-graded-assessment\02_course-wrap-up\02_01_congratulations-you-have-completed-introduction-to-web-development.en.txt","C:\Users\Sujay\Desktop\META-USEFUL\introduction-to-back-end-development\04_end-of-course-graded-assessment\02_course-wrap-up\02_01_congratulations-you-have-completed-introduction-to-web-development.en.txt","2.5"
"introduction-to-back-end-development","02_02_next-steps-after-introduction-to-web-development_instructions.html",".html","C:\Users\Sujay\Desktop\META\introduction-to-back-end-development\04_end-of-course-graded-assessment\02_course-wrap-up\02_02_next-steps-after-introduction-to-web-development_instructions.html","C:\Users\Sujay\Desktop\META-USEFUL\introduction-to-back-end-development\04_end-of-course-graded-assessment\02_course-wrap-up\02_02_next-steps-after-introduction-to-web-development_instructions.html","1.58"
"introduction-to-version-control","01_01_introduction-to-the-course.en.txt",".txt","C:\Users\Sujay\Desktop\META\introduction-to-version-control\01_software-collaboration\01_course-introduction\01_01_introduction-to-the-course.en.txt","C:\Users\Sujay\Desktop\META-USEFUL\introduction-to-version-control\01_software-collaboration\01_course-introduction\01_01_introduction-to-the-course.en.txt","3.03"
"introduction-to-version-control","01_02_how-do-developers-collaborate-in-the-real-world.en.txt",".txt","C:\Users\Sujay\Desktop\META\introduction-to-version-control\01_software-collaboration\01_course-introduction\01_02_how-do-developers-collaborate-in-the-real-world.en.txt","C:\Users\Sujay\Desktop\META-USEFUL\introduction-to-version-control\01_software-collaboration\01_course-introduction\01_02_how-do-developers-collaborate-in-the-real-world.en.txt","4.9"
"introduction-to-version-control","01_03_course-syllabus-version-control_instructions.html",".html","C:\Users\Sujay\Desktop\META\introduction-to-version-control\01_software-collaboration\01_course-introduction\01_03_course-syllabus-version-control_instructions.html","C:\Users\Sujay\Desktop\META-USEFUL\introduction-to-version-control\01_software-collaboration\01_course-introduction\01_03_course-syllabus-version-control_instructions.html","5.87"
"introduction-to-version-control","01_04_how-to-be-successful-in-this-course_instructions.html",".html","C:\Users\Sujay\Desktop\META\introduction-to-version-control\01_software-collaboration\01_course-introduction\01_04_how-to-be-successful-in-this-course_instructions.html","C:\Users\Sujay\Desktop\META-USEFUL\introduction-to-version-control\01_software-collaboration\01_course-introduction\01_04_how-to-be-successful-in-this-course_instructions.html","6.04"
"introduction-to-version-control","02_01_what-is-version-control.en.txt",".txt","C:\Users\Sujay\Desktop\META\introduction-to-version-control\01_software-collaboration\02_introduction-to-version-control\02_01_what-is-version-control.en.txt","C:\Users\Sujay\Desktop\META-USEFUL\introduction-to-version-control\01_software-collaboration\02_introduction-to-version-control\02_01_what-is-version-control.en.txt","4.64"
"introduction-to-version-control","02_02_case-study-how-meta-engineers-collaborate.en.txt",".txt","C:\Users\Sujay\Desktop\META\introduction-to-version-control\01_software-collaboration\02_introduction-to-version-control\02_02_case-study-how-meta-engineers-collaborate.en.txt","C:\Users\Sujay\Desktop\META-USEFUL\introduction-to-version-control\01_software-collaboration\02_introduction-to-version-control\02_02_case-study-how-meta-engineers-collaborate.en.txt","4.08"
"introduction-to-version-control","02_03_version-control-git-terminology_github-git-cheat-sheet.pdf",".pdf","C:\Users\Sujay\Desktop\META\introduction-to-version-control\01_software-collaboration\02_introduction-to-version-control\02_03_version-control-git-terminology_github-git-cheat-sheet.pdf","C:\Users\Sujay\Desktop\META-USEFUL\introduction-to-version-control\01_software-collaboration\02_introduction-to-version-control\02_03_version-control-git-terminology_github-git-cheat-sheet.pdf","395.77"
"introduction-to-version-control","02_03_version-control-git-terminology_instructions.html",".html","C:\Users\Sujay\Desktop\META\introduction-to-version-control\01_software-collaboration\02_introduction-to-version-control\02_03_version-control-git-terminology_instructions.html","C:\Users\Sujay\Desktop\META-USEFUL\introduction-to-version-control\01_software-collaboration\02_introduction-to-version-control\02_03_version-control-git-terminology_instructions.html","2.79"
"introduction-to-version-control","02_04_systems-of-version-control-and-tools.en.txt",".txt","C:\Users\Sujay\Desktop\META\introduction-to-version-control\01_software-collaboration\02_introduction-to-version-control\02_04_systems-of-version-control-and-tools.en.txt","C:\Users\Sujay\Desktop\META-USEFUL\introduction-to-version-control\01_software-collaboration\02_introduction-to-version-control\02_04_systems-of-version-control-and-tools.en.txt","3.52"
"introduction-to-version-control","02_05_a-history-of-version-control_instructions.html",".html","C:\Users\Sujay\Desktop\META\introduction-to-version-control\01_software-collaboration\02_introduction-to-version-control\02_05_a-history-of-version-control_instructions.html","C:\Users\Sujay\Desktop\META-USEFUL\introduction-to-version-control\01_software-collaboration\02_introduction-to-version-control\02_05_a-history-of-version-control_instructions.html","5.76"
"introduction-to-version-control","02_06_version-control-in-professional-software-development_instructions.html",".html","C:\Users\Sujay\Desktop\META\introduction-to-version-control\01_software-collaboration\02_introduction-to-version-control\02_06_version-control-in-professional-software-development_instructions.html","C:\Users\Sujay\Desktop\META-USEFUL\introduction-to-version-control\01_software-collaboration\02_introduction-to-version-control\02_06_version-control-in-professional-software-development_instructions.html","7.28"
"introduction-to-version-control","02_07_a-history-of-revisions.en.txt",".txt","C:\Users\Sujay\Desktop\META\introduction-to-version-control\01_software-collaboration\02_introduction-to-version-control\02_07_a-history-of-revisions.en.txt","C:\Users\Sujay\Desktop\META-USEFUL\introduction-to-version-control\01_software-collaboration\02_introduction-to-version-control\02_07_a-history-of-revisions.en.txt","3.47"
"introduction-to-version-control","02_08_staging-vs-production_instructions.html",".html","C:\Users\Sujay\Desktop\META\introduction-to-version-control\01_software-collaboration\02_introduction-to-version-control\02_08_staging-vs-production_instructions.html","C:\Users\Sujay\Desktop\META-USEFUL\introduction-to-version-control\01_software-collaboration\02_introduction-to-version-control\02_08_staging-vs-production_instructions.html","5.83"
"introduction-to-version-control","02_09_module-summary-software-collaboration.en.txt",".txt","C:\Users\Sujay\Desktop\META\introduction-to-version-control\01_software-collaboration\02_introduction-to-version-control\02_09_module-summary-software-collaboration.en.txt","C:\Users\Sujay\Desktop\META-USEFUL\introduction-to-version-control\01_software-collaboration\02_introduction-to-version-control\02_09_module-summary-software-collaboration.en.txt","1.61"
"introduction-to-version-control","02_10_additional-resources_instructions.html",".html","C:\Users\Sujay\Desktop\META\introduction-to-version-control\01_software-collaboration\02_introduction-to-version-control\02_10_additional-resources_instructions.html","C:\Users\Sujay\Desktop\META-USEFUL\introduction-to-version-control\01_software-collaboration\02_introduction-to-version-control\02_10_additional-resources_instructions.html","2.25"
"introduction-to-version-control","01_01_the-command-line.en.txt",".txt","C:\Users\Sujay\Desktop\META\introduction-to-version-control\02_command-line\01_unix-commands\01_01_the-command-line.en.txt","C:\Users\Sujay\Desktop\META-USEFUL\introduction-to-version-control\02_command-line\01_unix-commands\01_01_the-command-line.en.txt","5.39"
"introduction-to-version-control","01_02_what-are-unix-commands.en.txt",".txt","C:\Users\Sujay\Desktop\META\introduction-to-version-control\02_command-line\01_unix-commands\01_02_what-are-unix-commands.en.txt","C:\Users\Sujay\Desktop\META-USEFUL\introduction-to-version-control\02_command-line\01_unix-commands\01_02_what-are-unix-commands.en.txt","3.91"
"introduction-to-version-control","01_03_using-bash-on-mac-terminal_instructions.html",".html","C:\Users\Sujay\Desktop\META\introduction-to-version-control\02_command-line\01_unix-commands\01_03_using-bash-on-mac-terminal_instructions.html","C:\Users\Sujay\Desktop\META-USEFUL\introduction-to-version-control\02_command-line\01_unix-commands\01_03_using-bash-on-mac-terminal_instructions.html","1848.12"
"introduction-to-version-control","01_04_using-bash-on-windows_instructions.html",".html","C:\Users\Sujay\Desktop\META\introduction-to-version-control\02_command-line\01_unix-commands\01_04_using-bash-on-windows_instructions.html","C:\Users\Sujay\Desktop\META-USEFUL\introduction-to-version-control\02_command-line\01_unix-commands\01_04_using-bash-on-windows_instructions.html","3.5"
"introduction-to-version-control","01_05_creating-and-running-bash-scripts.en.txt",".txt","C:\Users\Sujay\Desktop\META\introduction-to-version-control\02_command-line\01_unix-commands\01_05_creating-and-running-bash-scripts.en.txt","C:\Users\Sujay\Desktop\META-USEFUL\introduction-to-version-control\02_command-line\01_unix-commands\01_05_creating-and-running-bash-scripts.en.txt","2.99"
"introduction-to-version-control","01_06_change-directories-and-list-contents.en.txt",".txt","C:\Users\Sujay\Desktop\META\introduction-to-version-control\02_command-line\01_unix-commands\01_06_change-directories-and-list-contents.en.txt","C:\Users\Sujay\Desktop\META-USEFUL\introduction-to-version-control\02_command-line\01_unix-commands\01_06_change-directories-and-list-contents.en.txt","3.58"
"introduction-to-version-control","01_07_creating-and-moving-directories-and-files.en.txt",".txt","C:\Users\Sujay\Desktop\META\introduction-to-version-control\02_command-line\01_unix-commands\01_07_creating-and-moving-directories-and-files.en.txt","C:\Users\Sujay\Desktop\META-USEFUL\introduction-to-version-control\02_command-line\01_unix-commands\01_07_creating-and-moving-directories-and-files.en.txt","2.92"
"introduction-to-version-control","01_08_pipes.en.txt",".txt","C:\Users\Sujay\Desktop\META\introduction-to-version-control\02_command-line\01_unix-commands\01_08_pipes.en.txt","C:\Users\Sujay\Desktop\META-USEFUL\introduction-to-version-control\02_command-line\01_unix-commands\01_08_pipes.en.txt","1.82"
"introduction-to-version-control","01_09_redirection.en.txt",".txt","C:\Users\Sujay\Desktop\META\introduction-to-version-control\02_command-line\01_unix-commands\01_09_redirection.en.txt","C:\Users\Sujay\Desktop\META-USEFUL\introduction-to-version-control\02_command-line\01_unix-commands\01_09_redirection.en.txt","5.66"
"introduction-to-version-control","01_10_grep.en.txt",".txt","C:\Users\Sujay\Desktop\META\introduction-to-version-control\02_command-line\01_unix-commands\01_10_grep.en.txt","C:\Users\Sujay\Desktop\META-USEFUL\introduction-to-version-control\02_command-line\01_unix-commands\01_10_grep.en.txt","2.56"
"introduction-to-version-control","01_11_module-summary-command-line.en.txt",".txt","C:\Users\Sujay\Desktop\META\introduction-to-version-control\02_command-line\01_unix-commands\01_11_module-summary-command-line.en.txt","C:\Users\Sujay\Desktop\META-USEFUL\introduction-to-version-control\02_command-line\01_unix-commands\01_11_module-summary-command-line.en.txt","1.29"
"introduction-to-version-control","01_12_additional-resources_grep.1.html",".html","C:\Users\Sujay\Desktop\META\introduction-to-version-control\02_command-line\01_unix-commands\01_12_additional-resources_grep.1.html","C:\Users\Sujay\Desktop\META-USEFUL\introduction-to-version-control\02_command-line\01_unix-commands\01_12_additional-resources_grep.1.html","42.19"
"introduction-to-version-control","01_12_additional-resources_instructions.html",".html","C:\Users\Sujay\Desktop\META\introduction-to-version-control\02_command-line\01_unix-commands\01_12_additional-resources_instructions.html","C:\Users\Sujay\Desktop\META-USEFUL\introduction-to-version-control\02_command-line\01_unix-commands\01_12_additional-resources_instructions.html","3.9"
"introduction-to-version-control","01_12_additional-resources_unix_history.html",".html","C:\Users\Sujay\Desktop\META\introduction-to-version-control\02_command-line\01_unix-commands\01_12_additional-resources_unix_history.html","C:\Users\Sujay\Desktop\META-USEFUL\introduction-to-version-control\02_command-line\01_unix-commands\01_12_additional-resources_unix_history.html","37.4"
"introduction-to-version-control","01_01_what-is-git-and-github.en.txt",".txt","C:\Users\Sujay\Desktop\META\introduction-to-version-control\03_working-with-git\01_git-and-github\01_01_what-is-git-and-github.en.txt","C:\Users\Sujay\Desktop\META-USEFUL\introduction-to-version-control\03_working-with-git\01_git-and-github\01_01_what-is-git-and-github.en.txt","2.97"
"introduction-to-version-control","01_02_installing-git-windows-mac_instructions.html",".html","C:\Users\Sujay\Desktop\META\introduction-to-version-control\03_working-with-git\01_git-and-github\01_02_installing-git-windows-mac_instructions.html","C:\Users\Sujay\Desktop\META-USEFUL\introduction-to-version-control\03_working-with-git\01_git-and-github\01_02_installing-git-windows-mac_instructions.html","3.87"
"introduction-to-version-control","01_03_installing-git-on-mac_instructions.html",".html","C:\Users\Sujay\Desktop\META\introduction-to-version-control\03_working-with-git\01_git-and-github\01_03_installing-git-on-mac_instructions.html","C:\Users\Sujay\Desktop\META-USEFUL\introduction-to-version-control\03_working-with-git\01_git-and-github\01_03_installing-git-on-mac_instructions.html","5.07"
"introduction-to-version-control","01_04_create-your-github-account_instructions.html",".html","C:\Users\Sujay\Desktop\META\introduction-to-version-control\03_working-with-git\01_git-and-github\01_04_create-your-github-account_instructions.html","C:\Users\Sujay\Desktop\META-USEFUL\introduction-to-version-control\03_working-with-git\01_git-and-github\01_04_create-your-github-account_instructions.html","3416.57"
"introduction-to-version-control","01_05_connecting-to-github-via-https_instructions.html",".html","C:\Users\Sujay\Desktop\META\introduction-to-version-control\03_working-with-git\01_git-and-github\01_05_connecting-to-github-via-https_instructions.html","C:\Users\Sujay\Desktop\META-USEFUL\introduction-to-version-control\03_working-with-git\01_git-and-github\01_05_connecting-to-github-via-https_instructions.html","1103.41"
"introduction-to-version-control","01_06_connecting-to-github-via-ssh_instructions.html",".html","C:\Users\Sujay\Desktop\META\introduction-to-version-control\03_working-with-git\01_git-and-github\01_06_connecting-to-github-via-ssh_instructions.html","C:\Users\Sujay\Desktop\META-USEFUL\introduction-to-version-control\03_working-with-git\01_git-and-github\01_06_connecting-to-github-via-ssh_instructions.html","647.63"
"introduction-to-version-control","01_07_creating-and-cloning-a-repository.en.txt",".txt","C:\Users\Sujay\Desktop\META\introduction-to-version-control\03_working-with-git\01_git-and-github\01_07_creating-and-cloning-a-repository.en.txt","C:\Users\Sujay\Desktop\META-USEFUL\introduction-to-version-control\03_working-with-git\01_git-and-github\01_07_creating-and-cloning-a-repository.en.txt","4.1"
"introduction-to-version-control","01_08_how-git-works.en.txt",".txt","C:\Users\Sujay\Desktop\META\introduction-to-version-control\03_working-with-git\01_git-and-github\01_08_how-git-works.en.txt","C:\Users\Sujay\Desktop\META-USEFUL\introduction-to-version-control\03_working-with-git\01_git-and-github\01_08_how-git-works.en.txt","2.95"
"introduction-to-version-control","01_09_add-and-commit.en.txt",".txt","C:\Users\Sujay\Desktop\META\introduction-to-version-control\03_working-with-git\01_git-and-github\01_09_add-and-commit.en.txt","C:\Users\Sujay\Desktop\META-USEFUL\introduction-to-version-control\03_working-with-git\01_git-and-github\01_09_add-and-commit.en.txt","4"
"introduction-to-version-control","01_10_remote-vs-local.en.txt",".txt","C:\Users\Sujay\Desktop\META\introduction-to-version-control\03_working-with-git\01_git-and-github\01_10_remote-vs-local.en.txt","C:\Users\Sujay\Desktop\META-USEFUL\introduction-to-version-control\03_working-with-git\01_git-and-github\01_10_remote-vs-local.en.txt","4.6"
"introduction-to-version-control","01_11_push-and-pull.en.txt",".txt","C:\Users\Sujay\Desktop\META\introduction-to-version-control\03_working-with-git\01_git-and-github\01_11_push-and-pull.en.txt","C:\Users\Sujay\Desktop\META-USEFUL\introduction-to-version-control\03_working-with-git\01_git-and-github\01_11_push-and-pull.en.txt","4"
"introduction-to-version-control","01_12_branches.en.txt",".txt","C:\Users\Sujay\Desktop\META\introduction-to-version-control\03_working-with-git\01_git-and-github\01_12_branches.en.txt","C:\Users\Sujay\Desktop\META-USEFUL\introduction-to-version-control\03_working-with-git\01_git-and-github\01_12_branches.en.txt","5.82"
"introduction-to-version-control","01_13_resolving-conflicts_instructions.html",".html","C:\Users\Sujay\Desktop\META\introduction-to-version-control\03_working-with-git\01_git-and-github\01_13_resolving-conflicts_instructions.html","C:\Users\Sujay\Desktop\META-USEFUL\introduction-to-version-control\03_working-with-git\01_git-and-github\01_13_resolving-conflicts_instructions.html","391.83"
"introduction-to-version-control","01_14_example-workflow.en.txt",".txt","C:\Users\Sujay\Desktop\META\introduction-to-version-control\03_working-with-git\01_git-and-github\01_14_example-workflow.en.txt","C:\Users\Sujay\Desktop\META-USEFUL\introduction-to-version-control\03_working-with-git\01_git-and-github\01_14_example-workflow.en.txt","3.43"
"introduction-to-version-control","01_15_head.en.txt",".txt","C:\Users\Sujay\Desktop\META\introduction-to-version-control\03_working-with-git\01_git-and-github\01_15_head.en.txt","C:\Users\Sujay\Desktop\META-USEFUL\introduction-to-version-control\03_working-with-git\01_git-and-github\01_15_head.en.txt","4.62"
"introduction-to-version-control","01_16_diff-commands.en.txt",".txt","C:\Users\Sujay\Desktop\META\introduction-to-version-control\03_working-with-git\01_git-and-github\01_16_diff-commands.en.txt","C:\Users\Sujay\Desktop\META-USEFUL\introduction-to-version-control\03_working-with-git\01_git-and-github\01_16_diff-commands.en.txt","4.08"
"introduction-to-version-control","01_17_blame.en.txt",".txt","C:\Users\Sujay\Desktop\META\introduction-to-version-control\03_working-with-git\01_git-and-github\01_17_blame.en.txt","C:\Users\Sujay\Desktop\META-USEFUL\introduction-to-version-control\03_working-with-git\01_git-and-github\01_17_blame.en.txt","5.34"
"introduction-to-version-control","01_18_forking_instructions.html",".html","C:\Users\Sujay\Desktop\META\introduction-to-version-control\03_working-with-git\01_git-and-github\01_18_forking_instructions.html","C:\Users\Sujay\Desktop\META-USEFUL\introduction-to-version-control\03_working-with-git\01_git-and-github\01_18_forking_instructions.html","167.26"
"introduction-to-version-control","01_19_additional-resources_git-cheat-sheet-education.pdf",".pdf","C:\Users\Sujay\Desktop\META\introduction-to-version-control\03_working-with-git\01_git-and-github\01_19_additional-resources_git-cheat-sheet-education.pdf","C:\Users\Sujay\Desktop\META-USEFUL\introduction-to-version-control\03_working-with-git\01_git-and-github\01_19_additional-resources_git-cheat-sheet-education.pdf","97.85"
"introduction-to-version-control","01_19_additional-resources_instructions.html",".html","C:\Users\Sujay\Desktop\META\introduction-to-version-control\03_working-with-git\01_git-and-github\01_19_additional-resources_instructions.html","C:\Users\Sujay\Desktop\META-USEFUL\introduction-to-version-control\03_working-with-git\01_git-and-github\01_19_additional-resources_instructions.html","2.17"
"introduction-to-version-control","02_01_module-summary-working-with-git.en.txt",".txt","C:\Users\Sujay\Desktop\META\introduction-to-version-control\03_working-with-git\02_create-a-repository-with-forking\02_01_module-summary-working-with-git.en.txt","C:\Users\Sujay\Desktop\META-USEFUL\introduction-to-version-control\03_working-with-git\02_create-a-repository-with-forking\02_01_module-summary-working-with-git.en.txt","1.16"
"introduction-to-version-control","01_01_course-recap-version-control.en.txt",".txt","C:\Users\Sujay\Desktop\META\introduction-to-version-control\04_graded-assessment\01_graded-assessment\01_01_course-recap-version-control.en.txt","C:\Users\Sujay\Desktop\META-USEFUL\introduction-to-version-control\04_graded-assessment\01_graded-assessment\01_01_course-recap-version-control.en.txt","2.44"
"introduction-to-version-control","01_02_about-graded-assessment_instructions.html",".html","C:\Users\Sujay\Desktop\META\introduction-to-version-control\04_graded-assessment\01_graded-assessment\01_02_about-graded-assessment_instructions.html","C:\Users\Sujay\Desktop\META-USEFUL\introduction-to-version-control\04_graded-assessment\01_graded-assessment\01_02_about-graded-assessment_instructions.html","2.23"
"introduction-to-version-control","01_03_solution-managing-a-project-in-github_instructions.html",".html","C:\Users\Sujay\Desktop\META\introduction-to-version-control\04_graded-assessment\01_graded-assessment\01_03_solution-managing-a-project-in-github_instructions.html","C:\Users\Sujay\Desktop\META-USEFUL\introduction-to-version-control\04_graded-assessment\01_graded-assessment\01_03_solution-managing-a-project-in-github_instructions.html","79.68"
"introduction-to-version-control","02_01_congratulations-on-completing-the-version-control-course.en.txt",".txt","C:\Users\Sujay\Desktop\META\introduction-to-version-control\04_graded-assessment\02_course-wrap-up\02_01_congratulations-on-completing-the-version-control-course.en.txt","C:\Users\Sujay\Desktop\META-USEFUL\introduction-to-version-control\04_graded-assessment\02_course-wrap-up\02_01_congratulations-on-completing-the-version-control-course.en.txt","1.71"
"introduction-to-version-control","02_02_course-wrap-up-and-next-steps_instructions.html",".html","C:\Users\Sujay\Desktop\META\introduction-to-version-control\04_graded-assessment\02_course-wrap-up\02_02_course-wrap-up-and-next-steps_instructions.html","C:\Users\Sujay\Desktop\META-USEFUL\introduction-to-version-control\04_graded-assessment\02_course-wrap-up\02_02_course-wrap-up-and-next-steps_instructions.html","1.82"
"programming-in-python","01_01_introduction-to-the-course.en.txt",".txt","C:\Users\Sujay\Desktop\META\programming-in-python\01_getting-started-with-python\01_course-introduction\01_01_introduction-to-the-course.en.txt","C:\Users\Sujay\Desktop\META-USEFUL\programming-in-python\01_getting-started-with-python\01_course-introduction\01_01_introduction-to-the-course.en.txt","2.73"
"programming-in-python","01_02_how-is-python-used-in-the-real-world.en.txt",".txt","C:\Users\Sujay\Desktop\META\programming-in-python\01_getting-started-with-python\01_course-introduction\01_02_how-is-python-used-in-the-real-world.en.txt","C:\Users\Sujay\Desktop\META-USEFUL\programming-in-python\01_getting-started-with-python\01_course-introduction\01_02_how-is-python-used-in-the-real-world.en.txt","1.99"
"programming-in-python","01_03_course-syllabus_instructions.html",".html","C:\Users\Sujay\Desktop\META\programming-in-python\01_getting-started-with-python\01_course-introduction\01_03_course-syllabus_instructions.html","C:\Users\Sujay\Desktop\META-USEFUL\programming-in-python\01_getting-started-with-python\01_course-introduction\01_03_course-syllabus_instructions.html","5.75"
"programming-in-python","01_04_how-to-be-successful-in-this-course_instructions.html",".html","C:\Users\Sujay\Desktop\META\programming-in-python\01_getting-started-with-python\01_course-introduction\01_04_how-to-be-successful-in-this-course_instructions.html","C:\Users\Sujay\Desktop\META-USEFUL\programming-in-python\01_getting-started-with-python\01_course-introduction\01_04_how-to-be-successful-in-this-course_instructions.html","6.04"
"programming-in-python","02_01_introduction-to-programming.en.txt",".txt","C:\Users\Sujay\Desktop\META\programming-in-python\01_getting-started-with-python\02_welcome-to-python-programming\02_01_introduction-to-programming.en.txt","C:\Users\Sujay\Desktop\META-USEFUL\programming-in-python\01_getting-started-with-python\02_welcome-to-python-programming\02_01_introduction-to-programming.en.txt","3.98"
"programming-in-python","02_02_why-python.en.txt",".txt","C:\Users\Sujay\Desktop\META\programming-in-python\01_getting-started-with-python\02_welcome-to-python-programming\02_02_why-python.en.txt","C:\Users\Sujay\Desktop\META-USEFUL\programming-in-python\01_getting-started-with-python\02_welcome-to-python-programming\02_02_why-python.en.txt","1.97"
"programming-in-python","02_03_visual-studio-code_instructions.html",".html","C:\Users\Sujay\Desktop\META\programming-in-python\01_getting-started-with-python\02_welcome-to-python-programming\02_03_visual-studio-code_instructions.html","C:\Users\Sujay\Desktop\META-USEFUL\programming-in-python\01_getting-started-with-python\02_welcome-to-python-programming\02_03_visual-studio-code_instructions.html","1905.89"
"programming-in-python","02_04_installing-python-paths-optional-for-windows-users_instructions.html",".html","C:\Users\Sujay\Desktop\META\programming-in-python\01_getting-started-with-python\02_welcome-to-python-programming\02_04_installing-python-paths-optional-for-windows-users_instructions.html","C:\Users\Sujay\Desktop\META-USEFUL\programming-in-python\01_getting-started-with-python\02_welcome-to-python-programming\02_04_installing-python-paths-optional-for-windows-users_instructions.html","526.4"
"programming-in-python","02_05_installing-python-paths-optional-for-mac-users_instructions.html",".html","C:\Users\Sujay\Desktop\META\programming-in-python\01_getting-started-with-python\02_welcome-to-python-programming\02_05_installing-python-paths-optional-for-mac-users_instructions.html","C:\Users\Sujay\Desktop\META-USEFUL\programming-in-python\01_getting-started-with-python\02_welcome-to-python-programming\02_05_installing-python-paths-optional-for-mac-users_instructions.html","4.88"
"programming-in-python","02_06_required-dependencies_instructions.html",".html","C:\Users\Sujay\Desktop\META\programming-in-python\01_getting-started-with-python\02_welcome-to-python-programming\02_06_required-dependencies_instructions.html","C:\Users\Sujay\Desktop\META-USEFUL\programming-in-python\01_getting-started-with-python\02_welcome-to-python-programming\02_06_required-dependencies_instructions.html","3.54"
"programming-in-python","02_07_environment-check-for-windows.en.txt",".txt","C:\Users\Sujay\Desktop\META\programming-in-python\01_getting-started-with-python\02_welcome-to-python-programming\02_07_environment-check-for-windows.en.txt","C:\Users\Sujay\Desktop\META-USEFUL\programming-in-python\01_getting-started-with-python\02_welcome-to-python-programming\02_07_environment-check-for-windows.en.txt","2.9"
"programming-in-python","02_08_environment-check-for-mac.en.txt",".txt","C:\Users\Sujay\Desktop\META\programming-in-python\01_getting-started-with-python\02_welcome-to-python-programming\02_08_environment-check-for-mac.en.txt","C:\Users\Sujay\Desktop\META-USEFUL\programming-in-python\01_getting-started-with-python\02_welcome-to-python-programming\02_08_environment-check-for-mac.en.txt","3.31"
"programming-in-python","02_09_running-code-command-line-vs-ide.en.txt",".txt","C:\Users\Sujay\Desktop\META\programming-in-python\01_getting-started-with-python\02_welcome-to-python-programming\02_09_running-code-command-line-vs-ide.en.txt","C:\Users\Sujay\Desktop\META-USEFUL\programming-in-python\01_getting-started-with-python\02_welcome-to-python-programming\02_09_running-code-command-line-vs-ide.en.txt","3.39"
"programming-in-python","02_10_python-syntax-spaces-matter.en.txt",".txt","C:\Users\Sujay\Desktop\META\programming-in-python\01_getting-started-with-python\02_welcome-to-python-programming\02_10_python-syntax-spaces-matter.en.txt","C:\Users\Sujay\Desktop\META-USEFUL\programming-in-python\01_getting-started-with-python\02_welcome-to-python-programming\02_10_python-syntax-spaces-matter.en.txt","3.78"
"programming-in-python","02_11_python-syntax-cheat-sheet_instructions.html",".html","C:\Users\Sujay\Desktop\META\programming-in-python\01_getting-started-with-python\02_welcome-to-python-programming\02_11_python-syntax-cheat-sheet_instructions.html","C:\Users\Sujay\Desktop\META-USEFUL\programming-in-python\01_getting-started-with-python\02_welcome-to-python-programming\02_11_python-syntax-cheat-sheet_instructions.html","3.15"
"programming-in-python","02_12_commenting-code_instructions.html",".html","C:\Users\Sujay\Desktop\META\programming-in-python\01_getting-started-with-python\02_welcome-to-python-programming\02_12_commenting-code_instructions.html","C:\Users\Sujay\Desktop\META-USEFUL\programming-in-python\01_getting-started-with-python\02_welcome-to-python-programming\02_12_commenting-code_instructions.html","3"
"programming-in-python","02_13_variables.en.txt",".txt","C:\Users\Sujay\Desktop\META\programming-in-python\01_getting-started-with-python\02_welcome-to-python-programming\02_13_variables.en.txt","C:\Users\Sujay\Desktop\META-USEFUL\programming-in-python\01_getting-started-with-python\02_welcome-to-python-programming\02_13_variables.en.txt","5.91"
"programming-in-python","02_14_basic-data-types.en.txt",".txt","C:\Users\Sujay\Desktop\META\programming-in-python\01_getting-started-with-python\02_welcome-to-python-programming\02_14_basic-data-types.en.txt","C:\Users\Sujay\Desktop\META-USEFUL\programming-in-python\01_getting-started-with-python\02_welcome-to-python-programming\02_14_basic-data-types.en.txt","5.82"
"programming-in-python","02_16_basic-data-type-and-function-cheatsheet_instructions.html",".html","C:\Users\Sujay\Desktop\META\programming-in-python\01_getting-started-with-python\02_welcome-to-python-programming\02_16_basic-data-type-and-function-cheatsheet_instructions.html","C:\Users\Sujay\Desktop\META-USEFUL\programming-in-python\01_getting-started-with-python\02_welcome-to-python-programming\02_16_basic-data-type-and-function-cheatsheet_instructions.html","7.72"
"programming-in-python","02_17_type-casting.en.txt",".txt","C:\Users\Sujay\Desktop\META\programming-in-python\01_getting-started-with-python\02_welcome-to-python-programming\02_17_type-casting.en.txt","C:\Users\Sujay\Desktop\META-USEFUL\programming-in-python\01_getting-started-with-python\02_welcome-to-python-programming\02_17_type-casting.en.txt","2.65"
"programming-in-python","02_19_type-casting-a-deeper-look_instructions.html",".html","C:\Users\Sujay\Desktop\META\programming-in-python\01_getting-started-with-python\02_welcome-to-python-programming\02_19_type-casting-a-deeper-look_instructions.html","C:\Users\Sujay\Desktop\META-USEFUL\programming-in-python\01_getting-started-with-python\02_welcome-to-python-programming\02_19_type-casting-a-deeper-look_instructions.html","6.9"
"programming-in-python","02_20_additional-resources_functions.html",".html","C:\Users\Sujay\Desktop\META\programming-in-python\01_getting-started-with-python\02_welcome-to-python-programming\02_20_additional-resources_functions.html","C:\Users\Sujay\Desktop\META-USEFUL\programming-in-python\01_getting-started-with-python\02_welcome-to-python-programming\02_20_additional-resources_functions.html","309.92"
"programming-in-python","02_20_additional-resources_instructions.html",".html","C:\Users\Sujay\Desktop\META\programming-in-python\01_getting-started-with-python\02_welcome-to-python-programming\02_20_additional-resources_instructions.html","C:\Users\Sujay\Desktop\META-USEFUL\programming-in-python\01_getting-started-with-python\02_welcome-to-python-programming\02_20_additional-resources_instructions.html","1.86"
"programming-in-python","03_01_math-and-logical-operators.en.txt",".txt","C:\Users\Sujay\Desktop\META\programming-in-python\01_getting-started-with-python\03_control-flow-and-conditionals\03_01_math-and-logical-operators.en.txt","C:\Users\Sujay\Desktop\META-USEFUL\programming-in-python\01_getting-started-with-python\03_control-flow-and-conditionals\03_01_math-and-logical-operators.en.txt","6.28"
"programming-in-python","03_02_control-flow-if-else-else-if.en.txt",".txt","C:\Users\Sujay\Desktop\META\programming-in-python\01_getting-started-with-python\03_control-flow-and-conditionals\03_02_control-flow-if-else-else-if.en.txt","C:\Users\Sujay\Desktop\META-USEFUL\programming-in-python\01_getting-started-with-python\03_control-flow-and-conditionals\03_02_control-flow-if-else-else-if.en.txt","5.89"
"programming-in-python","03_03_conditional-statements_instructions.html",".html","C:\Users\Sujay\Desktop\META\programming-in-python\01_getting-started-with-python\03_control-flow-and-conditionals\03_03_conditional-statements_instructions.html","C:\Users\Sujay\Desktop\META-USEFUL\programming-in-python\01_getting-started-with-python\03_control-flow-and-conditionals\03_03_conditional-statements_instructions.html","4.93"
"programming-in-python","03_04_match-statement.en.txt",".txt","C:\Users\Sujay\Desktop\META\programming-in-python\01_getting-started-with-python\03_control-flow-and-conditionals\03_04_match-statement.en.txt","C:\Users\Sujay\Desktop\META-USEFUL\programming-in-python\01_getting-started-with-python\03_control-flow-and-conditionals\03_04_match-statement.en.txt","5.23"
"programming-in-python","03_05_looping-constructs.en.txt",".txt","C:\Users\Sujay\Desktop\META\programming-in-python\01_getting-started-with-python\03_control-flow-and-conditionals\03_05_looping-constructs.en.txt","C:\Users\Sujay\Desktop\META-USEFUL\programming-in-python\01_getting-started-with-python\03_control-flow-and-conditionals\03_05_looping-constructs.en.txt","5.21"
"programming-in-python","03_06_looping-constructs-practical-examples_instructions.html",".html","C:\Users\Sujay\Desktop\META\programming-in-python\01_getting-started-with-python\03_control-flow-and-conditionals\03_06_looping-constructs-practical-examples_instructions.html","C:\Users\Sujay\Desktop\META-USEFUL\programming-in-python\01_getting-started-with-python\03_control-flow-and-conditionals\03_06_looping-constructs-practical-examples_instructions.html","451.89"
"programming-in-python","03_07_practicing-control-flow-and-loops_instructions.html",".html","C:\Users\Sujay\Desktop\META\programming-in-python\01_getting-started-with-python\03_control-flow-and-conditionals\03_07_practicing-control-flow-and-loops_instructions.html","C:\Users\Sujay\Desktop\META-USEFUL\programming-in-python\01_getting-started-with-python\03_control-flow-and-conditionals\03_07_practicing-control-flow-and-loops_instructions.html","7.7"
"programming-in-python","03_08_nested-loops-and-the-effect-on-algorithmic-complexity.en.txt",".txt","C:\Users\Sujay\Desktop\META\programming-in-python\01_getting-started-with-python\03_control-flow-and-conditionals\03_08_nested-loops-and-the-effect-on-algorithmic-complexity.en.txt","C:\Users\Sujay\Desktop\META-USEFUL\programming-in-python\01_getting-started-with-python\03_control-flow-and-conditionals\03_08_nested-loops-and-the-effect-on-algorithmic-complexity.en.txt","5.15"
"programming-in-python","03_09_exercise-use-control-flow-and-loops-to-solve-a-problem_instructions.html",".html","C:\Users\Sujay\Desktop\META\programming-in-python\01_getting-started-with-python\03_control-flow-and-conditionals\03_09_exercise-use-control-flow-and-loops-to-solve-a-problem_instructions.html","C:\Users\Sujay\Desktop\META-USEFUL\programming-in-python\01_getting-started-with-python\03_control-flow-and-conditionals\03_09_exercise-use-control-flow-and-loops-to-solve-a-problem_instructions.html","2.41"
"programming-in-python","03_10_use-control-flow-and-loops-to-solve-a-problem-solution_instructions.html",".html","C:\Users\Sujay\Desktop\META\programming-in-python\01_getting-started-with-python\03_control-flow-and-conditionals\03_10_use-control-flow-and-loops-to-solve-a-problem-solution_instructions.html","C:\Users\Sujay\Desktop\META-USEFUL\programming-in-python\01_getting-started-with-python\03_control-flow-and-conditionals\03_10_use-control-flow-and-loops-to-solve-a-problem-solution_instructions.html","2.95"
"programming-in-python","03_11_module-summary-getting-started-with-python.en.txt",".txt","C:\Users\Sujay\Desktop\META\programming-in-python\01_getting-started-with-python\03_control-flow-and-conditionals\03_11_module-summary-getting-started-with-python.en.txt","C:\Users\Sujay\Desktop\META-USEFUL\programming-in-python\01_getting-started-with-python\03_control-flow-and-conditionals\03_11_module-summary-getting-started-with-python.en.txt","1.12"
"programming-in-python","03_12_additional-resources_controlflow.html",".html","C:\Users\Sujay\Desktop\META\programming-in-python\01_getting-started-with-python\03_control-flow-and-conditionals\03_12_additional-resources_controlflow.html","C:\Users\Sujay\Desktop\META-USEFUL\programming-in-python\01_getting-started-with-python\03_control-flow-and-conditionals\03_12_additional-resources_controlflow.html","136.88"
"programming-in-python","03_12_additional-resources_instructions.html",".html","C:\Users\Sujay\Desktop\META\programming-in-python\01_getting-started-with-python\03_control-flow-and-conditionals\03_12_additional-resources_instructions.html","C:\Users\Sujay\Desktop\META-USEFUL\programming-in-python\01_getting-started-with-python\03_control-flow-and-conditionals\03_12_additional-resources_instructions.html","1.52"
"programming-in-python","01_01_functions.en.txt",".txt","C:\Users\Sujay\Desktop\META\programming-in-python\02_basic-programming-with-python\01_functions-and-data-structures\01_01_functions.en.txt","C:\Users\Sujay\Desktop\META-USEFUL\programming-in-python\02_basic-programming-with-python\01_functions-and-data-structures\01_01_functions.en.txt","4.48"
"programming-in-python","01_02_variable-scope.en.txt",".txt","C:\Users\Sujay\Desktop\META\programming-in-python\02_basic-programming-with-python\01_functions-and-data-structures\01_02_variable-scope.en.txt","C:\Users\Sujay\Desktop\META-USEFUL\programming-in-python\02_basic-programming-with-python\01_functions-and-data-structures\01_02_variable-scope.en.txt","4.12"
"programming-in-python","01_03_function-and-variable-scope_instructions.html",".html","C:\Users\Sujay\Desktop\META\programming-in-python\02_basic-programming-with-python\01_functions-and-data-structures\01_03_function-and-variable-scope_instructions.html","C:\Users\Sujay\Desktop\META-USEFUL\programming-in-python\02_basic-programming-with-python\01_functions-and-data-structures\01_03_function-and-variable-scope_instructions.html","4.63"
"programming-in-python","01_04_what-are-data-structures_instructions.html",".html","C:\Users\Sujay\Desktop\META\programming-in-python\02_basic-programming-with-python\01_functions-and-data-structures\01_04_what-are-data-structures_instructions.html","C:\Users\Sujay\Desktop\META-USEFUL\programming-in-python\02_basic-programming-with-python\01_functions-and-data-structures\01_04_what-are-data-structures_instructions.html","551.74"
"programming-in-python","01_05_lists.en.txt",".txt","C:\Users\Sujay\Desktop\META\programming-in-python\02_basic-programming-with-python\01_functions-and-data-structures\01_05_lists.en.txt","C:\Users\Sujay\Desktop\META-USEFUL\programming-in-python\02_basic-programming-with-python\01_functions-and-data-structures\01_05_lists.en.txt","4.21"
"programming-in-python","01_06_tuples.en.txt",".txt","C:\Users\Sujay\Desktop\META\programming-in-python\02_basic-programming-with-python\01_functions-and-data-structures\01_06_tuples.en.txt","C:\Users\Sujay\Desktop\META-USEFUL\programming-in-python\02_basic-programming-with-python\01_functions-and-data-structures\01_06_tuples.en.txt","2.8"
"programming-in-python","01_07_sets.en.txt",".txt","C:\Users\Sujay\Desktop\META\programming-in-python\02_basic-programming-with-python\01_functions-and-data-structures\01_07_sets.en.txt","C:\Users\Sujay\Desktop\META-USEFUL\programming-in-python\02_basic-programming-with-python\01_functions-and-data-structures\01_07_sets.en.txt","3.69"
"programming-in-python","01_08_dictionaries.en.txt",".txt","C:\Users\Sujay\Desktop\META\programming-in-python\02_basic-programming-with-python\01_functions-and-data-structures\01_08_dictionaries.en.txt","C:\Users\Sujay\Desktop\META-USEFUL\programming-in-python\02_basic-programming-with-python\01_functions-and-data-structures\01_08_dictionaries.en.txt","6.14"
"programming-in-python","01_09_kwargs.en.txt",".txt","C:\Users\Sujay\Desktop\META\programming-in-python\02_basic-programming-with-python\01_functions-and-data-structures\01_09_kwargs.en.txt","C:\Users\Sujay\Desktop\META-USEFUL\programming-in-python\02_basic-programming-with-python\01_functions-and-data-structures\01_09_kwargs.en.txt","2.81"
"programming-in-python","01_10_choosing-and-using-data-structures_instructions.html",".html","C:\Users\Sujay\Desktop\META\programming-in-python\02_basic-programming-with-python\01_functions-and-data-structures\01_10_choosing-and-using-data-structures_instructions.html","C:\Users\Sujay\Desktop\META-USEFUL\programming-in-python\02_basic-programming-with-python\01_functions-and-data-structures\01_10_choosing-and-using-data-structures_instructions.html","4.26"
"programming-in-python","01_11_visual-studio-code-on-coursera_instructions.html",".html","C:\Users\Sujay\Desktop\META\programming-in-python\02_basic-programming-with-python\01_functions-and-data-structures\01_11_visual-studio-code-on-coursera_instructions.html","C:\Users\Sujay\Desktop\META-USEFUL\programming-in-python\02_basic-programming-with-python\01_functions-and-data-structures\01_11_visual-studio-code-on-coursera_instructions.html","959.21"
"programming-in-python","01_12_additional-resources_datastructures.html",".html","C:\Users\Sujay\Desktop\META\programming-in-python\02_basic-programming-with-python\01_functions-and-data-structures\01_12_additional-resources_datastructures.html","C:\Users\Sujay\Desktop\META-USEFUL\programming-in-python\02_basic-programming-with-python\01_functions-and-data-structures\01_12_additional-resources_datastructures.html","99.16"
"programming-in-python","01_12_additional-resources_instructions.html",".html","C:\Users\Sujay\Desktop\META\programming-in-python\02_basic-programming-with-python\01_functions-and-data-structures\01_12_additional-resources_instructions.html","C:\Users\Sujay\Desktop\META-USEFUL\programming-in-python\02_basic-programming-with-python\01_functions-and-data-structures\01_12_additional-resources_instructions.html","1.41"
"programming-in-python","02_01_what-are-exceptions.en.txt",".txt","C:\Users\Sujay\Desktop\META\programming-in-python\02_basic-programming-with-python\02_errors-exceptions-and-file-handling\02_01_what-are-exceptions.en.txt","C:\Users\Sujay\Desktop\META-USEFUL\programming-in-python\02_basic-programming-with-python\02_errors-exceptions-and-file-handling\02_01_what-are-exceptions.en.txt","2.32"
"programming-in-python","02_02_exception-handling.en.txt",".txt","C:\Users\Sujay\Desktop\META\programming-in-python\02_basic-programming-with-python\02_errors-exceptions-and-file-handling\02_02_exception-handling.en.txt","C:\Users\Sujay\Desktop\META-USEFUL\programming-in-python\02_basic-programming-with-python\02_errors-exceptions-and-file-handling\02_02_exception-handling.en.txt","4.38"
"programming-in-python","02_03_exercise-exceptions-in-python_instructions.html",".html","C:\Users\Sujay\Desktop\META\programming-in-python\02_basic-programming-with-python\02_errors-exceptions-and-file-handling\02_03_exercise-exceptions-in-python_instructions.html","C:\Users\Sujay\Desktop\META-USEFUL\programming-in-python\02_basic-programming-with-python\02_errors-exceptions-and-file-handling\02_03_exercise-exceptions-in-python_instructions.html","2.55"
"programming-in-python","02_04_exceptions-in-python-solution_instructions.html",".html","C:\Users\Sujay\Desktop\META\programming-in-python\02_basic-programming-with-python\02_errors-exceptions-and-file-handling\02_04_exceptions-in-python-solution_instructions.html","C:\Users\Sujay\Desktop\META-USEFUL\programming-in-python\02_basic-programming-with-python\02_errors-exceptions-and-file-handling\02_04_exceptions-in-python-solution_instructions.html","1.93"
"programming-in-python","02_05_file-handling-in-python.en.txt",".txt","C:\Users\Sujay\Desktop\META\programming-in-python\02_basic-programming-with-python\02_errors-exceptions-and-file-handling\02_05_file-handling-in-python.en.txt","C:\Users\Sujay\Desktop\META-USEFUL\programming-in-python\02_basic-programming-with-python\02_errors-exceptions-and-file-handling\02_05_file-handling-in-python.en.txt","4.63"
"programming-in-python","02_06_creating-files.en.txt",".txt","C:\Users\Sujay\Desktop\META\programming-in-python\02_basic-programming-with-python\02_errors-exceptions-and-file-handling\02_06_creating-files.en.txt","C:\Users\Sujay\Desktop\META-USEFUL\programming-in-python\02_basic-programming-with-python\02_errors-exceptions-and-file-handling\02_06_creating-files.en.txt","4.81"
"programming-in-python","02_07_reading-files.en.txt",".txt","C:\Users\Sujay\Desktop\META\programming-in-python\02_basic-programming-with-python\02_errors-exceptions-and-file-handling\02_07_reading-files.en.txt","C:\Users\Sujay\Desktop\META-USEFUL\programming-in-python\02_basic-programming-with-python\02_errors-exceptions-and-file-handling\02_07_reading-files.en.txt","4.67"
"programming-in-python","02_08_storing-file-contents-in-data-structures_instructions.html",".html","C:\Users\Sujay\Desktop\META\programming-in-python\02_basic-programming-with-python\02_errors-exceptions-and-file-handling\02_08_storing-file-contents-in-data-structures_instructions.html","C:\Users\Sujay\Desktop\META-USEFUL\programming-in-python\02_basic-programming-with-python\02_errors-exceptions-and-file-handling\02_08_storing-file-contents-in-data-structures_instructions.html","6.32"
"programming-in-python","02_09_module-summary-basic-programming-with-python.en.txt",".txt","C:\Users\Sujay\Desktop\META\programming-in-python\02_basic-programming-with-python\02_errors-exceptions-and-file-handling\02_09_module-summary-basic-programming-with-python.en.txt","C:\Users\Sujay\Desktop\META-USEFUL\programming-in-python\02_basic-programming-with-python\02_errors-exceptions-and-file-handling\02_09_module-summary-basic-programming-with-python.en.txt","1.75"
"programming-in-python","02_10_additional-resources_exceptions.html",".html","C:\Users\Sujay\Desktop\META\programming-in-python\02_basic-programming-with-python\02_errors-exceptions-and-file-handling\02_10_additional-resources_exceptions.html","C:\Users\Sujay\Desktop\META-USEFUL\programming-in-python\02_basic-programming-with-python\02_errors-exceptions-and-file-handling\02_10_additional-resources_exceptions.html","140.7"
"programming-in-python","02_10_additional-resources_instructions.html",".html","C:\Users\Sujay\Desktop\META\programming-in-python\02_basic-programming-with-python\02_errors-exceptions-and-file-handling\02_10_additional-resources_instructions.html","C:\Users\Sujay\Desktop\META-USEFUL\programming-in-python\02_basic-programming-with-python\02_errors-exceptions-and-file-handling\02_10_additional-resources_instructions.html","1.47"
"programming-in-python","01_01_what-is-procedural-programming.en.txt",".txt","C:\Users\Sujay\Desktop\META\programming-in-python\03_programming-paradigms\01_procedural-programming\01_01_what-is-procedural-programming.en.txt","C:\Users\Sujay\Desktop\META-USEFUL\programming-in-python\03_programming-paradigms\01_procedural-programming\01_01_what-is-procedural-programming.en.txt","3.96"
"programming-in-python","01_02_algorithms.en.txt",".txt","C:\Users\Sujay\Desktop\META\programming-in-python\03_programming-paradigms\01_procedural-programming\01_02_algorithms.en.txt","C:\Users\Sujay\Desktop\META-USEFUL\programming-in-python\03_programming-paradigms\01_procedural-programming\01_02_algorithms.en.txt","4.79"
"programming-in-python","01_03_writing-algorithms_instructions.html",".html","C:\Users\Sujay\Desktop\META\programming-in-python\03_programming-paradigms\01_procedural-programming\01_03_writing-algorithms_instructions.html","C:\Users\Sujay\Desktop\META-USEFUL\programming-in-python\03_programming-paradigms\01_procedural-programming\01_03_writing-algorithms_instructions.html","6.5"
"programming-in-python","01_04_exercise-make-a-cup-of-coffee_instructions.html",".html","C:\Users\Sujay\Desktop\META\programming-in-python\03_programming-paradigms\01_procedural-programming\01_04_exercise-make-a-cup-of-coffee_instructions.html","C:\Users\Sujay\Desktop\META-USEFUL\programming-in-python\03_programming-paradigms\01_procedural-programming\01_04_exercise-make-a-cup-of-coffee_instructions.html","2.24"
"programming-in-python","01_05_make-a-cup-of-coffee-solution_instructions.html",".html","C:\Users\Sujay\Desktop\META\programming-in-python\03_programming-paradigms\01_procedural-programming\01_05_make-a-cup-of-coffee-solution_instructions.html","C:\Users\Sujay\Desktop\META-USEFUL\programming-in-python\03_programming-paradigms\01_procedural-programming\01_05_make-a-cup-of-coffee-solution_instructions.html","2.12"
"programming-in-python","01_06_algorithmic-complexity.en.txt",".txt","C:\Users\Sujay\Desktop\META\programming-in-python\03_programming-paradigms\01_procedural-programming\01_06_algorithmic-complexity.en.txt","C:\Users\Sujay\Desktop\META-USEFUL\programming-in-python\03_programming-paradigms\01_procedural-programming\01_06_algorithmic-complexity.en.txt","2.87"
"programming-in-python","01_07_intro-to-big-o-notation_instructions.html",".html","C:\Users\Sujay\Desktop\META\programming-in-python\03_programming-paradigms\01_procedural-programming\01_07_intro-to-big-o-notation_instructions.html","C:\Users\Sujay\Desktop\META-USEFUL\programming-in-python\03_programming-paradigms\01_procedural-programming\01_07_intro-to-big-o-notation_instructions.html","278.37"
"programming-in-python","01_08_additional-resources_instructions.html",".html","C:\Users\Sujay\Desktop\META\programming-in-python\03_programming-paradigms\01_procedural-programming\01_08_additional-resources_instructions.html","C:\Users\Sujay\Desktop\META-USEFUL\programming-in-python\03_programming-paradigms\01_procedural-programming\01_08_additional-resources_instructions.html","1.62"
"programming-in-python","02_01_what-is-functional-programming.en.txt",".txt","C:\Users\Sujay\Desktop\META\programming-in-python\03_programming-paradigms\02_functional-programming\02_01_what-is-functional-programming.en.txt","C:\Users\Sujay\Desktop\META-USEFUL\programming-in-python\03_programming-paradigms\02_functional-programming\02_01_what-is-functional-programming.en.txt","3.69"
"programming-in-python","02_02_pure-functions.en.txt",".txt","C:\Users\Sujay\Desktop\META\programming-in-python\03_programming-paradigms\02_functional-programming\02_02_pure-functions.en.txt","C:\Users\Sujay\Desktop\META-USEFUL\programming-in-python\03_programming-paradigms\02_functional-programming\02_02_pure-functions.en.txt","6.09"
"programming-in-python","02_03_recursion.en.txt",".txt","C:\Users\Sujay\Desktop\META\programming-in-python\03_programming-paradigms\02_functional-programming\02_03_recursion.en.txt","C:\Users\Sujay\Desktop\META-USEFUL\programming-in-python\03_programming-paradigms\02_functional-programming\02_03_recursion.en.txt","3.32"
"programming-in-python","02_04_recursion-example-tower-of-hanoi_instructions.html",".html","C:\Users\Sujay\Desktop\META\programming-in-python\03_programming-paradigms\02_functional-programming\02_04_recursion-example-tower-of-hanoi_instructions.html","C:\Users\Sujay\Desktop\META-USEFUL\programming-in-python\03_programming-paradigms\02_functional-programming\02_04_recursion-example-tower-of-hanoi_instructions.html","637.35"
"programming-in-python","02_05_reversing-a-string-on-python.en.txt",".txt","C:\Users\Sujay\Desktop\META\programming-in-python\03_programming-paradigms\02_functional-programming\02_05_reversing-a-string-on-python.en.txt","C:\Users\Sujay\Desktop\META-USEFUL\programming-in-python\03_programming-paradigms\02_functional-programming\02_05_reversing-a-string-on-python.en.txt","4.37"
"programming-in-python","02_06_map-filter.en.txt",".txt","C:\Users\Sujay\Desktop\META\programming-in-python\03_programming-paradigms\02_functional-programming\02_06_map-filter.en.txt","C:\Users\Sujay\Desktop\META-USEFUL\programming-in-python\03_programming-paradigms\02_functional-programming\02_06_map-filter.en.txt","4.41"
"programming-in-python","02_07_comprehensions_instructions.html",".html","C:\Users\Sujay\Desktop\META\programming-in-python\03_programming-paradigms\02_functional-programming\02_07_comprehensions_instructions.html","C:\Users\Sujay\Desktop\META-USEFUL\programming-in-python\03_programming-paradigms\02_functional-programming\02_07_comprehensions_instructions.html","8.29"
"programming-in-python","02_08_additional-resources_instructions.html",".html","C:\Users\Sujay\Desktop\META\programming-in-python\03_programming-paradigms\02_functional-programming\02_08_additional-resources_instructions.html","C:\Users\Sujay\Desktop\META-USEFUL\programming-in-python\03_programming-paradigms\02_functional-programming\02_08_additional-resources_instructions.html","1.58"
"programming-in-python","03_02_oop-principles_instructions.html",".html","C:\Users\Sujay\Desktop\META\programming-in-python\03_programming-paradigms\03_object-oriented-programming\03_02_oop-principles_instructions.html","C:\Users\Sujay\Desktop\META-USEFUL\programming-in-python\03_programming-paradigms\03_object-oriented-programming\03_02_oop-principles_instructions.html","7.49"
"programming-in-python","03_03_python-classes-and-instances.en.txt",".txt","C:\Users\Sujay\Desktop\META\programming-in-python\03_programming-paradigms\03_object-oriented-programming\03_03_python-classes-and-instances.en.txt","C:\Users\Sujay\Desktop\META-USEFUL\programming-in-python\03_programming-paradigms\03_object-oriented-programming\03_03_python-classes-and-instances.en.txt","4.32"
"programming-in-python","03_04_exercise-define-a-class_instructions.html",".html","C:\Users\Sujay\Desktop\META\programming-in-python\03_programming-paradigms\03_object-oriented-programming\03_04_exercise-define-a-class_instructions.html","C:\Users\Sujay\Desktop\META-USEFUL\programming-in-python\03_programming-paradigms\03_object-oriented-programming\03_04_exercise-define-a-class_instructions.html","6.02"
"programming-in-python","03_05_define-a-class-solution_instructions.html",".html","C:\Users\Sujay\Desktop\META\programming-in-python\03_programming-paradigms\03_object-oriented-programming\03_05_define-a-class-solution_instructions.html","C:\Users\Sujay\Desktop\META-USEFUL\programming-in-python\03_programming-paradigms\03_object-oriented-programming\03_05_define-a-class-solution_instructions.html","1.61"
"programming-in-python","03_06_instantiate-a-custom-object.en.txt",".txt","C:\Users\Sujay\Desktop\META\programming-in-python\03_programming-paradigms\03_object-oriented-programming\03_06_instantiate-a-custom-object.en.txt","C:\Users\Sujay\Desktop\META-USEFUL\programming-in-python\03_programming-paradigms\03_object-oriented-programming\03_06_instantiate-a-custom-object.en.txt","4.11"
"programming-in-python","03_07_exercise-instantiate-a-custom-object_instructions.html",".html","C:\Users\Sujay\Desktop\META\programming-in-python\03_programming-paradigms\03_object-oriented-programming\03_07_exercise-instantiate-a-custom-object_instructions.html","C:\Users\Sujay\Desktop\META-USEFUL\programming-in-python\03_programming-paradigms\03_object-oriented-programming\03_07_exercise-instantiate-a-custom-object_instructions.html","3.55"
"programming-in-python","03_08_instantiate-a-custom-object-solution_instructions.html",".html","C:\Users\Sujay\Desktop\META\programming-in-python\03_programming-paradigms\03_object-oriented-programming\03_08_instantiate-a-custom-object-solution_instructions.html","C:\Users\Sujay\Desktop\META-USEFUL\programming-in-python\03_programming-paradigms\03_object-oriented-programming\03_08_instantiate-a-custom-object-solution_instructions.html","4.47"
"programming-in-python","03_09_instance-methods.en.txt",".txt","C:\Users\Sujay\Desktop\META\programming-in-python\03_programming-paradigms\03_object-oriented-programming\03_09_instance-methods.en.txt","C:\Users\Sujay\Desktop\META-USEFUL\programming-in-python\03_programming-paradigms\03_object-oriented-programming\03_09_instance-methods.en.txt","4"
"programming-in-python","03_10_parent-classes-vs-child-classes.en.txt",".txt","C:\Users\Sujay\Desktop\META\programming-in-python\03_programming-paradigms\03_object-oriented-programming\03_10_parent-classes-vs-child-classes.en.txt","C:\Users\Sujay\Desktop\META-USEFUL\programming-in-python\03_programming-paradigms\03_object-oriented-programming\03_10_parent-classes-vs-child-classes.en.txt","5.29"
"programming-in-python","03_11_inheritance-and-multiple-inheritance_instructions.html",".html","C:\Users\Sujay\Desktop\META\programming-in-python\03_programming-paradigms\03_object-oriented-programming\03_11_inheritance-and-multiple-inheritance_instructions.html","C:\Users\Sujay\Desktop\META-USEFUL\programming-in-python\03_programming-paradigms\03_object-oriented-programming\03_11_inheritance-and-multiple-inheritance_instructions.html","6.51"
"programming-in-python","03_12_exercise-classes-and-object-exploration_instructions.html",".html","C:\Users\Sujay\Desktop\META\programming-in-python\03_programming-paradigms\03_object-oriented-programming\03_12_exercise-classes-and-object-exploration_instructions.html","C:\Users\Sujay\Desktop\META-USEFUL\programming-in-python\03_programming-paradigms\03_object-oriented-programming\03_12_exercise-classes-and-object-exploration_instructions.html","6.95"
"programming-in-python","03_13_abstract-classes-and-methods.en.txt",".txt","C:\Users\Sujay\Desktop\META\programming-in-python\03_programming-paradigms\03_object-oriented-programming\03_13_abstract-classes-and-methods.en.txt","C:\Users\Sujay\Desktop\META-USEFUL\programming-in-python\03_programming-paradigms\03_object-oriented-programming\03_13_abstract-classes-and-methods.en.txt","3.8"
"programming-in-python","03_14_method-resolution-order.en.txt",".txt","C:\Users\Sujay\Desktop\META\programming-in-python\03_programming-paradigms\03_object-oriented-programming\03_14_method-resolution-order.en.txt","C:\Users\Sujay\Desktop\META-USEFUL\programming-in-python\03_programming-paradigms\03_object-oriented-programming\03_14_method-resolution-order.en.txt","4.6"
"programming-in-python","03_15_working-with-methods-examples_instructions.html",".html","C:\Users\Sujay\Desktop\META\programming-in-python\03_programming-paradigms\03_object-oriented-programming\03_15_working-with-methods-examples_instructions.html","C:\Users\Sujay\Desktop\META-USEFUL\programming-in-python\03_programming-paradigms\03_object-oriented-programming\03_15_working-with-methods-examples_instructions.html","5.96"
"programming-in-python","03_16_exercise-working-with-methods_instructions.html",".html","C:\Users\Sujay\Desktop\META\programming-in-python\03_programming-paradigms\03_object-oriented-programming\03_16_exercise-working-with-methods_instructions.html","C:\Users\Sujay\Desktop\META-USEFUL\programming-in-python\03_programming-paradigms\03_object-oriented-programming\03_16_exercise-working-with-methods_instructions.html","1.98"
"programming-in-python","03_17_working-with-methods-solution_instructions.html",".html","C:\Users\Sujay\Desktop\META\programming-in-python\03_programming-paradigms\03_object-oriented-programming\03_17_working-with-methods-solution_instructions.html","C:\Users\Sujay\Desktop\META-USEFUL\programming-in-python\03_programming-paradigms\03_object-oriented-programming\03_17_working-with-methods-solution_instructions.html","1.61"
"programming-in-python","03_18_module-summary-programming-paradigms.en.txt",".txt","C:\Users\Sujay\Desktop\META\programming-in-python\03_programming-paradigms\03_object-oriented-programming\03_18_module-summary-programming-paradigms.en.txt","C:\Users\Sujay\Desktop\META-USEFUL\programming-in-python\03_programming-paradigms\03_object-oriented-programming\03_18_module-summary-programming-paradigms.en.txt","2.08"
"programming-in-python","03_19_additional-resources_instructions.html",".html","C:\Users\Sujay\Desktop\META\programming-in-python\03_programming-paradigms\03_object-oriented-programming\03_19_additional-resources_instructions.html","C:\Users\Sujay\Desktop\META-USEFUL\programming-in-python\03_programming-paradigms\03_object-oriented-programming\03_19_additional-resources_instructions.html","1.6"
"programming-in-python","01_01_what-is-a-module-in-python.en.txt",".txt","C:\Users\Sujay\Desktop\META\programming-in-python\04_modules-packages-libraries-and-tools\01_modules\01_01_what-is-a-module-in-python.en.txt","C:\Users\Sujay\Desktop\META-USEFUL\programming-in-python\04_modules-packages-libraries-and-tools\01_modules\01_01_what-is-a-module-in-python.en.txt","4.29"
"programming-in-python","01_02_accessing-modules.en.txt",".txt","C:\Users\Sujay\Desktop\META\programming-in-python\04_modules-packages-libraries-and-tools\01_modules\01_02_accessing-modules.en.txt","C:\Users\Sujay\Desktop\META-USEFUL\programming-in-python\04_modules-packages-libraries-and-tools\01_modules\01_02_accessing-modules.en.txt","3.63"
"programming-in-python","01_03_the-import-statement.en.txt",".txt","C:\Users\Sujay\Desktop\META\programming-in-python\04_modules-packages-libraries-and-tools\01_modules\01_03_the-import-statement.en.txt","C:\Users\Sujay\Desktop\META-USEFUL\programming-in-python\04_modules-packages-libraries-and-tools\01_modules\01_03_the-import-statement.en.txt","4.1"
"programming-in-python","01_04_writing-import-statements.en.txt",".txt","C:\Users\Sujay\Desktop\META\programming-in-python\04_modules-packages-libraries-and-tools\01_modules\01_04_writing-import-statements.en.txt","C:\Users\Sujay\Desktop\META-USEFUL\programming-in-python\04_modules-packages-libraries-and-tools\01_modules\01_04_writing-import-statements.en.txt","4.29"
"programming-in-python","01_05_namespacing-and-scoping.en.txt",".txt","C:\Users\Sujay\Desktop\META\programming-in-python\04_modules-packages-libraries-and-tools\01_modules\01_05_namespacing-and-scoping.en.txt","C:\Users\Sujay\Desktop\META-USEFUL\programming-in-python\04_modules-packages-libraries-and-tools\01_modules\01_05_namespacing-and-scoping.en.txt","6.12"
"programming-in-python","01_06_reload-function.en.txt",".txt","C:\Users\Sujay\Desktop\META\programming-in-python\04_modules-packages-libraries-and-tools\01_modules\01_06_reload-function.en.txt","C:\Users\Sujay\Desktop\META-USEFUL\programming-in-python\04_modules-packages-libraries-and-tools\01_modules\01_06_reload-function.en.txt","4.18"
"programming-in-python","01_07_module-use-cases_instructions.html",".html","C:\Users\Sujay\Desktop\META\programming-in-python\04_modules-packages-libraries-and-tools\01_modules\01_07_module-use-cases_instructions.html","C:\Users\Sujay\Desktop\META-USEFUL\programming-in-python\04_modules-packages-libraries-and-tools\01_modules\01_07_module-use-cases_instructions.html","6.36"
"programming-in-python","01_08_additional-resources_instructions.html",".html","C:\Users\Sujay\Desktop\META\programming-in-python\04_modules-packages-libraries-and-tools\01_modules\01_08_additional-resources_instructions.html","C:\Users\Sujay\Desktop\META-USEFUL\programming-in-python\04_modules-packages-libraries-and-tools\01_modules\01_08_additional-resources_instructions.html","1.64"
"programming-in-python","02_01_popular-packages-numpy-pandas-matplotlib-etc.en.txt",".txt","C:\Users\Sujay\Desktop\META\programming-in-python\04_modules-packages-libraries-and-tools\02_popular-packages-libraries-and-frameworks\02_01_popular-packages-numpy-pandas-matplotlib-etc.en.txt","C:\Users\Sujay\Desktop\META-USEFUL\programming-in-python\04_modules-packages-libraries-and-tools\02_popular-packages-libraries-and-frameworks\02_01_popular-packages-numpy-pandas-matplotlib-etc.en.txt","3.74"
"programming-in-python","02_02_popular-packages-examples_instructions.html",".html","C:\Users\Sujay\Desktop\META\programming-in-python\04_modules-packages-libraries-and-tools\02_popular-packages-libraries-and-frameworks\02_02_popular-packages-examples_instructions.html","C:\Users\Sujay\Desktop\META-USEFUL\programming-in-python\04_modules-packages-libraries-and-tools\02_popular-packages-libraries-and-frameworks\02_02_popular-packages-examples_instructions.html","10.41"
"programming-in-python","02_03_data-analysis-packages.en.txt",".txt","C:\Users\Sujay\Desktop\META\programming-in-python\04_modules-packages-libraries-and-tools\02_popular-packages-libraries-and-frameworks\02_03_data-analysis-packages.en.txt","C:\Users\Sujay\Desktop\META-USEFUL\programming-in-python\04_modules-packages-libraries-and-tools\02_popular-packages-libraries-and-frameworks\02_03_data-analysis-packages.en.txt","3.51"
"programming-in-python","02_04_machine-learning-deep-learning-and-ai-pytorch-tensorflow.en.txt",".txt","C:\Users\Sujay\Desktop\META\programming-in-python\04_modules-packages-libraries-and-tools\02_popular-packages-libraries-and-frameworks\02_04_machine-learning-deep-learning-and-ai-pytorch-tensorflow.en.txt","C:\Users\Sujay\Desktop\META-USEFUL\programming-in-python\04_modules-packages-libraries-and-tools\02_popular-packages-libraries-and-frameworks\02_04_machine-learning-deep-learning-and-ai-pytorch-tensorflow.en.txt","2.51"
"programming-in-python","02_05_big-data-and-analysis-with-python_instructions.html",".html","C:\Users\Sujay\Desktop\META\programming-in-python\04_modules-packages-libraries-and-tools\02_popular-packages-libraries-and-frameworks\02_05_big-data-and-analysis-with-python_instructions.html","C:\Users\Sujay\Desktop\META-USEFUL\programming-in-python\04_modules-packages-libraries-and-tools\02_popular-packages-libraries-and-frameworks\02_05_big-data-and-analysis-with-python_instructions.html","256.7"
"programming-in-python","02_06_python-web-frameworks.en.txt",".txt","C:\Users\Sujay\Desktop\META\programming-in-python\04_modules-packages-libraries-and-tools\02_popular-packages-libraries-and-frameworks\02_06_python-web-frameworks.en.txt","C:\Users\Sujay\Desktop\META-USEFUL\programming-in-python\04_modules-packages-libraries-and-tools\02_popular-packages-libraries-and-frameworks\02_06_python-web-frameworks.en.txt","3.22"
"programming-in-python","02_07_additional-resources_instructions.html",".html","C:\Users\Sujay\Desktop\META\programming-in-python\04_modules-packages-libraries-and-tools\02_popular-packages-libraries-and-frameworks\02_07_additional-resources_instructions.html","C:\Users\Sujay\Desktop\META-USEFUL\programming-in-python\04_modules-packages-libraries-and-tools\02_popular-packages-libraries-and-frameworks\02_07_additional-resources_instructions.html","1.68"
"programming-in-python","03_01_what-is-testing.en.txt",".txt","C:\Users\Sujay\Desktop\META\programming-in-python\04_modules-packages-libraries-and-tools\03_testing-tools\03_01_what-is-testing.en.txt","C:\Users\Sujay\Desktop\META-USEFUL\programming-in-python\04_modules-packages-libraries-and-tools\03_testing-tools\03_01_what-is-testing.en.txt","4.99"
"programming-in-python","03_02_types-of-testing.en.txt",".txt","C:\Users\Sujay\Desktop\META\programming-in-python\04_modules-packages-libraries-and-tools\03_testing-tools\03_02_types-of-testing.en.txt","C:\Users\Sujay\Desktop\META-USEFUL\programming-in-python\04_modules-packages-libraries-and-tools\03_testing-tools\03_02_types-of-testing.en.txt","4.64"
"programming-in-python","03_03_test-automation-packages.en.txt",".txt","C:\Users\Sujay\Desktop\META\programming-in-python\04_modules-packages-libraries-and-tools\03_testing-tools\03_03_test-automation-packages.en.txt","C:\Users\Sujay\Desktop\META-USEFUL\programming-in-python\04_modules-packages-libraries-and-tools\03_testing-tools\03_03_test-automation-packages.en.txt","3.71"
"programming-in-python","03_04_writing-tests-with-pytest.en.txt",".txt","C:\Users\Sujay\Desktop\META\programming-in-python\04_modules-packages-libraries-and-tools\03_testing-tools\03_04_writing-tests-with-pytest.en.txt","C:\Users\Sujay\Desktop\META-USEFUL\programming-in-python\04_modules-packages-libraries-and-tools\03_testing-tools\03_04_writing-tests-with-pytest.en.txt","3.74"
"programming-in-python","03_05_pytest-cheat-sheet_instructions.html",".html","C:\Users\Sujay\Desktop\META\programming-in-python\04_modules-packages-libraries-and-tools\03_testing-tools\03_05_pytest-cheat-sheet_instructions.html","C:\Users\Sujay\Desktop\META-USEFUL\programming-in-python\04_modules-packages-libraries-and-tools\03_testing-tools\03_05_pytest-cheat-sheet_instructions.html","4.09"
"programming-in-python","03_06_test-driven-development-tdd.en.txt",".txt","C:\Users\Sujay\Desktop\META\programming-in-python\04_modules-packages-libraries-and-tools\03_testing-tools\03_06_test-driven-development-tdd.en.txt","C:\Users\Sujay\Desktop\META-USEFUL\programming-in-python\04_modules-packages-libraries-and-tools\03_testing-tools\03_06_test-driven-development-tdd.en.txt","3.08"
"programming-in-python","03_07_applying-tdd.en.txt",".txt","C:\Users\Sujay\Desktop\META\programming-in-python\04_modules-packages-libraries-and-tools\03_testing-tools\03_07_applying-tdd.en.txt","C:\Users\Sujay\Desktop\META-USEFUL\programming-in-python\04_modules-packages-libraries-and-tools\03_testing-tools\03_07_applying-tdd.en.txt","3.26"
"programming-in-python","03_08_module-summary-modules-packages-libraries-and-tools.en.txt",".txt","C:\Users\Sujay\Desktop\META\programming-in-python\04_modules-packages-libraries-and-tools\03_testing-tools\03_08_module-summary-modules-packages-libraries-and-tools.en.txt","C:\Users\Sujay\Desktop\META-USEFUL\programming-in-python\04_modules-packages-libraries-and-tools\03_testing-tools\03_08_module-summary-modules-packages-libraries-and-tools.en.txt","2.45"
"programming-in-python","03_09_additional-resources_instructions.html",".html","C:\Users\Sujay\Desktop\META\programming-in-python\04_modules-packages-libraries-and-tools\03_testing-tools\03_09_additional-resources_instructions.html","C:\Users\Sujay\Desktop\META-USEFUL\programming-in-python\04_modules-packages-libraries-and-tools\03_testing-tools\03_09_additional-resources_instructions.html","1.75"
"programming-in-python","01_01_course-recap-programming-in-python.en.txt",".txt","C:\Users\Sujay\Desktop\META\programming-in-python\05_end-of-course-graded-assessment\01_graded-assessment\01_01_course-recap-programming-in-python.en.txt","C:\Users\Sujay\Desktop\META-USEFUL\programming-in-python\05_end-of-course-graded-assessment\01_graded-assessment\01_01_course-recap-programming-in-python.en.txt","1.69"
"programming-in-python","01_02_about-the-end-of-course-graded-assessment_instructions.html",".html","C:\Users\Sujay\Desktop\META\programming-in-python\05_end-of-course-graded-assessment\01_graded-assessment\01_02_about-the-end-of-course-graded-assessment_instructions.html","C:\Users\Sujay\Desktop\META-USEFUL\programming-in-python\05_end-of-course-graded-assessment\01_graded-assessment\01_02_about-the-end-of-course-graded-assessment_instructions.html","2"
"programming-in-python","02_01_congratulations-you-have-completed-programming-in-python.en.txt",".txt","C:\Users\Sujay\Desktop\META\programming-in-python\05_end-of-course-graded-assessment\02_course-wrap-up\02_01_congratulations-you-have-completed-programming-in-python.en.txt","C:\Users\Sujay\Desktop\META-USEFUL\programming-in-python\05_end-of-course-graded-assessment\02_course-wrap-up\02_01_congratulations-you-have-completed-programming-in-python.en.txt","1.98"
"programming-in-python","02_02_next-steps-after-programming-in-python_instructions.html",".html","C:\Users\Sujay\Desktop\META\programming-in-python\05_end-of-course-graded-assessment\02_course-wrap-up\02_02_next-steps-after-programming-in-python_instructions.html","C:\Users\Sujay\Desktop\META-USEFUL\programming-in-python\05_end-of-course-graded-assessment\02_course-wrap-up\02_02_next-steps-after-programming-in-python_instructions.html","1.18"
"the-full-stack","01_01_introduction-to-the-course.en.txt",".txt","C:\Users\Sujay\Desktop\META\the-full-stack\01_introduction-to-the-full-stack\01_course-introduction\01_01_introduction-to-the-course.en.txt","C:\Users\Sujay\Desktop\META-USEFUL\the-full-stack\01_introduction-to-the-full-stack\01_course-introduction\01_01_introduction-to-the-course.en.txt","4.17"
"the-full-stack","01_02_a-day-in-the-life-of-a-full-stack-developer.en.txt",".txt","C:\Users\Sujay\Desktop\META\the-full-stack\01_introduction-to-the-full-stack\01_course-introduction\01_02_a-day-in-the-life-of-a-full-stack-developer.en.txt","C:\Users\Sujay\Desktop\META-USEFUL\the-full-stack\01_introduction-to-the-full-stack\01_course-introduction\01_02_a-day-in-the-life-of-a-full-stack-developer.en.txt","3.97"
"the-full-stack","01_03_course-syllabus_instructions.html",".html","C:\Users\Sujay\Desktop\META\the-full-stack\01_introduction-to-the-full-stack\01_course-introduction\01_03_course-syllabus_instructions.html","C:\Users\Sujay\Desktop\META-USEFUL\the-full-stack\01_introduction-to-the-full-stack\01_course-introduction\01_03_course-syllabus_instructions.html","5.81"
"the-full-stack","01_04_how-to-be-successful-in-this-course_instructions.html",".html","C:\Users\Sujay\Desktop\META\the-full-stack\01_introduction-to-the-full-stack\01_course-introduction\01_04_how-to-be-successful-in-this-course_instructions.html","C:\Users\Sujay\Desktop\META-USEFUL\the-full-stack\01_introduction-to-the-full-stack\01_course-introduction\01_04_how-to-be-successful-in-this-course_instructions.html","6.04"
"the-full-stack","01_05_working-with-labs-and-exercises-in-this-course_instructions.html",".html","C:\Users\Sujay\Desktop\META\the-full-stack\01_introduction-to-the-full-stack\01_course-introduction\01_05_working-with-labs-and-exercises-in-this-course_instructions.html","C:\Users\Sujay\Desktop\META-USEFUL\the-full-stack\01_introduction-to-the-full-stack\01_course-introduction\01_05_working-with-labs-and-exercises-in-this-course_instructions.html","5333.64"
"the-full-stack","02_01_what-is-full-stack-development.en.txt",".txt","C:\Users\Sujay\Desktop\META\the-full-stack\01_introduction-to-the-full-stack\02_introduction-to-the-full-stack\02_01_what-is-full-stack-development.en.txt","C:\Users\Sujay\Desktop\META-USEFUL\the-full-stack\01_introduction-to-the-full-stack\02_introduction-to-the-full-stack\02_01_what-is-full-stack-development.en.txt","4.32"
"the-full-stack","02_02_n-tier-architecture.en.txt",".txt","C:\Users\Sujay\Desktop\META\the-full-stack\01_introduction-to-the-full-stack\02_introduction-to-the-full-stack\02_02_n-tier-architecture.en.txt","C:\Users\Sujay\Desktop\META-USEFUL\the-full-stack\01_introduction-to-the-full-stack\02_introduction-to-the-full-stack\02_02_n-tier-architecture.en.txt","3.94"
"the-full-stack","02_03_recap-what-you-know-about-client-server-architecture_instructions.html",".html","C:\Users\Sujay\Desktop\META\the-full-stack\01_introduction-to-the-full-stack\02_introduction-to-the-full-stack\02_03_recap-what-you-know-about-client-server-architecture_instructions.html","C:\Users\Sujay\Desktop\META-USEFUL\the-full-stack\01_introduction-to-the-full-stack\02_introduction-to-the-full-stack\02_03_recap-what-you-know-about-client-server-architecture_instructions.html","37.8"
"the-full-stack","02_04_module-summary-introduction-to-the-full-stack.en.txt",".txt","C:\Users\Sujay\Desktop\META\the-full-stack\01_introduction-to-the-full-stack\02_introduction-to-the-full-stack\02_04_module-summary-introduction-to-the-full-stack.en.txt","C:\Users\Sujay\Desktop\META-USEFUL\the-full-stack\01_introduction-to-the-full-stack\02_introduction-to-the-full-stack\02_04_module-summary-introduction-to-the-full-stack.en.txt","2.77"
"the-full-stack","02_05_additional-resources_instructions.html",".html","C:\Users\Sujay\Desktop\META\the-full-stack\01_introduction-to-the-full-stack\02_introduction-to-the-full-stack\02_05_additional-resources_instructions.html","C:\Users\Sujay\Desktop\META-USEFUL\the-full-stack\01_introduction-to-the-full-stack\02_introduction-to-the-full-stack\02_05_additional-resources_instructions.html","2.56"
"the-full-stack","01_01_how-are-html-and-css-used-in-the-real-world.en.txt",".txt","C:\Users\Sujay\Desktop\META\the-full-stack\02_front-end-technologies\01_html\01_01_how-are-html-and-css-used-in-the-real-world.en.txt","C:\Users\Sujay\Desktop\META-USEFUL\the-full-stack\02_front-end-technologies\01_html\01_01_how-are-html-and-css-used-in-the-real-world.en.txt","3.36"
"the-full-stack","01_02_semantic-tags-and-why-we-need-them.en.txt",".txt","C:\Users\Sujay\Desktop\META\the-full-stack\02_front-end-technologies\01_html\01_02_semantic-tags-and-why-we-need-them.en.txt","C:\Users\Sujay\Desktop\META-USEFUL\the-full-stack\02_front-end-technologies\01_html\01_02_semantic-tags-and-why-we-need-them.en.txt","4.72"
"the-full-stack","01_03_semantic-html-cheat-sheet_instructions.html",".html","C:\Users\Sujay\Desktop\META\the-full-stack\02_front-end-technologies\01_html\01_03_semantic-html-cheat-sheet_instructions.html","C:\Users\Sujay\Desktop\META-USEFUL\the-full-stack\02_front-end-technologies\01_html\01_03_semantic-html-cheat-sheet_instructions.html","8.49"
"the-full-stack","01_04_what-is-hyper-text-markup-language.en.txt",".txt","C:\Users\Sujay\Desktop\META\the-full-stack\02_front-end-technologies\01_html\01_04_what-is-hyper-text-markup-language.en.txt","C:\Users\Sujay\Desktop\META-USEFUL\the-full-stack\02_front-end-technologies\01_html\01_04_what-is-hyper-text-markup-language.en.txt","4.1"
"the-full-stack","01_05_semantic-tags-in-action.en.txt",".txt","C:\Users\Sujay\Desktop\META\the-full-stack\02_front-end-technologies\01_html\01_05_semantic-tags-in-action.en.txt","C:\Users\Sujay\Desktop\META-USEFUL\the-full-stack\02_front-end-technologies\01_html\01_05_semantic-tags-in-action.en.txt","2.58"
"the-full-stack","01_06_forms-and-validation.en.txt",".txt","C:\Users\Sujay\Desktop\META\the-full-stack\02_front-end-technologies\01_html\01_06_forms-and-validation.en.txt","C:\Users\Sujay\Desktop\META-USEFUL\the-full-stack\02_front-end-technologies\01_html\01_06_forms-and-validation.en.txt","3.28"
"the-full-stack","01_07_input-types_instructions.html",".html","C:\Users\Sujay\Desktop\META\the-full-stack\02_front-end-technologies\01_html\01_07_input-types_instructions.html","C:\Users\Sujay\Desktop\META-USEFUL\the-full-stack\02_front-end-technologies\01_html\01_07_input-types_instructions.html","9.56"
"the-full-stack","01_08_form-submission.en.txt",".txt","C:\Users\Sujay\Desktop\META\the-full-stack\02_front-end-technologies\01_html\01_08_form-submission.en.txt","C:\Users\Sujay\Desktop\META-USEFUL\the-full-stack\02_front-end-technologies\01_html\01_08_form-submission.en.txt","3.42"
"the-full-stack","01_09_submit_instructions.html",".html","C:\Users\Sujay\Desktop\META\the-full-stack\02_front-end-technologies\01_html\01_09_submit_instructions.html","C:\Users\Sujay\Desktop\META-USEFUL\the-full-stack\02_front-end-technologies\01_html\01_09_submit_instructions.html","4.58"
"the-full-stack","01_10_additional-resources_instructions.html",".html","C:\Users\Sujay\Desktop\META\the-full-stack\02_front-end-technologies\01_html\01_10_additional-resources_instructions.html","C:\Users\Sujay\Desktop\META-USEFUL\the-full-stack\02_front-end-technologies\01_html\01_10_additional-resources_instructions.html","1.94"
"the-full-stack","02_01_css-web-layout.en.txt",".txt","C:\Users\Sujay\Desktop\META\the-full-stack\02_front-end-technologies\02_css\02_01_css-web-layout.en.txt","C:\Users\Sujay\Desktop\META-USEFUL\the-full-stack\02_front-end-technologies\02_css\02_01_css-web-layout.en.txt","3.88"
"the-full-stack","02_02_widely-used-selectors.en.txt",".txt","C:\Users\Sujay\Desktop\META\the-full-stack\02_front-end-technologies\02_css\02_02_widely-used-selectors.en.txt","C:\Users\Sujay\Desktop\META-USEFUL\the-full-stack\02_front-end-technologies\02_css\02_02_widely-used-selectors.en.txt","4.98"
"the-full-stack","02_03_css-units-of-measurement_instructions.html",".html","C:\Users\Sujay\Desktop\META\the-full-stack\02_front-end-technologies\02_css\02_03_css-units-of-measurement_instructions.html","C:\Users\Sujay\Desktop\META-USEFUL\the-full-stack\02_front-end-technologies\02_css\02_03_css-units-of-measurement_instructions.html","7.42"
"the-full-stack","02_04_document-flow-block-vs-in-line.en.txt",".txt","C:\Users\Sujay\Desktop\META\the-full-stack\02_front-end-technologies\02_css\02_04_document-flow-block-vs-in-line.en.txt","C:\Users\Sujay\Desktop\META-USEFUL\the-full-stack\02_front-end-technologies\02_css\02_04_document-flow-block-vs-in-line.en.txt","3.34"
"the-full-stack","02_05_basic-flexbox.en.txt",".txt","C:\Users\Sujay\Desktop\META\the-full-stack\02_front-end-technologies\02_css\02_05_basic-flexbox.en.txt","C:\Users\Sujay\Desktop\META-USEFUL\the-full-stack\02_front-end-technologies\02_css\02_05_basic-flexbox.en.txt","5.43"
"the-full-stack","02_06_css-grids.en.txt",".txt","C:\Users\Sujay\Desktop\META\the-full-stack\02_front-end-technologies\02_css\02_06_css-grids.en.txt","C:\Users\Sujay\Desktop\META-USEFUL\the-full-stack\02_front-end-technologies\02_css\02_06_css-grids.en.txt","5.12"
"the-full-stack","02_07_grids-and-flexbox-cheat-sheet_instructions.html",".html","C:\Users\Sujay\Desktop\META\the-full-stack\02_front-end-technologies\02_css\02_07_grids-and-flexbox-cheat-sheet_instructions.html","C:\Users\Sujay\Desktop\META-USEFUL\the-full-stack\02_front-end-technologies\02_css\02_07_grids-and-flexbox-cheat-sheet_instructions.html","12.06"
"the-full-stack","02_08_all-selectors-and-their-specificity_instructions.html",".html","C:\Users\Sujay\Desktop\META\the-full-stack\02_front-end-technologies\02_css\02_08_all-selectors-and-their-specificity_instructions.html","C:\Users\Sujay\Desktop\META-USEFUL\the-full-stack\02_front-end-technologies\02_css\02_08_all-selectors-and-their-specificity_instructions.html","7.66"
"the-full-stack","02_09_pseudo-classes.en.txt",".txt","C:\Users\Sujay\Desktop\META\the-full-stack\02_front-end-technologies\02_css\02_09_pseudo-classes.en.txt","C:\Users\Sujay\Desktop\META-USEFUL\the-full-stack\02_front-end-technologies\02_css\02_09_pseudo-classes.en.txt","4.04"
"the-full-stack","02_10_pseudo-elements_instructions.html",".html","C:\Users\Sujay\Desktop\META\the-full-stack\02_front-end-technologies\02_css\02_10_pseudo-elements_instructions.html","C:\Users\Sujay\Desktop\META-USEFUL\the-full-stack\02_front-end-technologies\02_css\02_10_pseudo-elements_instructions.html","3509.9"
"the-full-stack","02_11_additional-resources_instructions.html",".html","C:\Users\Sujay\Desktop\META\the-full-stack\02_front-end-technologies\02_css\02_11_additional-resources_instructions.html","C:\Users\Sujay\Desktop\META-USEFUL\the-full-stack\02_front-end-technologies\02_css\02_11_additional-resources_instructions.html","2.68"
"the-full-stack","03_01_why-javascript.en.txt",".txt","C:\Users\Sujay\Desktop\META\the-full-stack\02_front-end-technologies\03_javascript\03_01_why-javascript.en.txt","C:\Users\Sujay\Desktop\META-USEFUL\the-full-stack\02_front-end-technologies\03_javascript\03_01_why-javascript.en.txt","4.41"
"the-full-stack","03_02_programming-in-javascript.en.txt",".txt","C:\Users\Sujay\Desktop\META\the-full-stack\02_front-end-technologies\03_javascript\03_02_programming-in-javascript.en.txt","C:\Users\Sujay\Desktop\META-USEFUL\the-full-stack\02_front-end-technologies\03_javascript\03_02_programming-in-javascript.en.txt","2.78"
"the-full-stack","03_03_variables.en.txt",".txt","C:\Users\Sujay\Desktop\META\the-full-stack\02_front-end-technologies\03_javascript\03_03_variables.en.txt","C:\Users\Sujay\Desktop\META-USEFUL\the-full-stack\02_front-end-technologies\03_javascript\03_03_variables.en.txt","6.05"
"the-full-stack","03_04_exercise-declaring-variables_instructions.html",".html","C:\Users\Sujay\Desktop\META\the-full-stack\02_front-end-technologies\03_javascript\03_04_exercise-declaring-variables_instructions.html","C:\Users\Sujay\Desktop\META-USEFUL\the-full-stack\02_front-end-technologies\03_javascript\03_04_exercise-declaring-variables_instructions.html","3.47"
"the-full-stack","03_05_data-types.en.txt",".txt","C:\Users\Sujay\Desktop\META\the-full-stack\02_front-end-technologies\03_javascript\03_05_data-types.en.txt","C:\Users\Sujay\Desktop\META-USEFUL\the-full-stack\02_front-end-technologies\03_javascript\03_05_data-types.en.txt","4.4"
"the-full-stack","03_06_operators.en.txt",".txt","C:\Users\Sujay\Desktop\META\the-full-stack\02_front-end-technologies\03_javascript\03_06_operators.en.txt","C:\Users\Sujay\Desktop\META-USEFUL\the-full-stack\02_front-end-technologies\03_javascript\03_06_operators.en.txt","5.25"
"the-full-stack","03_07_numbers.en.txt",".txt","C:\Users\Sujay\Desktop\META\the-full-stack\02_front-end-technologies\03_javascript\03_07_numbers.en.txt","C:\Users\Sujay\Desktop\META-USEFUL\the-full-stack\02_front-end-technologies\03_javascript\03_07_numbers.en.txt","2.58"
"the-full-stack","03_08_strings.en.txt",".txt","C:\Users\Sujay\Desktop\META\the-full-stack\02_front-end-technologies\03_javascript\03_08_strings.en.txt","C:\Users\Sujay\Desktop\META-USEFUL\the-full-stack\02_front-end-technologies\03_javascript\03_08_strings.en.txt","2.95"
"the-full-stack","03_09_booleans.en.txt",".txt","C:\Users\Sujay\Desktop\META\the-full-stack\02_front-end-technologies\03_javascript\03_09_booleans.en.txt","C:\Users\Sujay\Desktop\META-USEFUL\the-full-stack\02_front-end-technologies\03_javascript\03_09_booleans.en.txt","4.47"
"the-full-stack","03_10_javascript-interactivity_instructions.html",".html","C:\Users\Sujay\Desktop\META\the-full-stack\02_front-end-technologies\03_javascript\03_10_javascript-interactivity_instructions.html","C:\Users\Sujay\Desktop\META-USEFUL\the-full-stack\02_front-end-technologies\03_javascript\03_10_javascript-interactivity_instructions.html","2.92"
"the-full-stack","03_11_javascript-selectors.en.txt",".txt","C:\Users\Sujay\Desktop\META\the-full-stack\02_front-end-technologies\03_javascript\03_11_javascript-selectors.en.txt","C:\Users\Sujay\Desktop\META-USEFUL\the-full-stack\02_front-end-technologies\03_javascript\03_11_javascript-selectors.en.txt","2.88"
"the-full-stack","03_12_scoping-with-var-let-and-const.en.txt",".txt","C:\Users\Sujay\Desktop\META\the-full-stack\02_front-end-technologies\03_javascript\03_12_scoping-with-var-let-and-const.en.txt","C:\Users\Sujay\Desktop\META-USEFUL\the-full-stack\02_front-end-technologies\03_javascript\03_12_scoping-with-var-let-and-const.en.txt","3.05"
"the-full-stack","03_13_functions.en.txt",".txt","C:\Users\Sujay\Desktop\META\the-full-stack\02_front-end-technologies\03_javascript\03_13_functions.en.txt","C:\Users\Sujay\Desktop\META-USEFUL\the-full-stack\02_front-end-technologies\03_javascript\03_13_functions.en.txt","4.98"
"the-full-stack","03_14_javascript-dom-manipulation.en.txt",".txt","C:\Users\Sujay\Desktop\META\the-full-stack\02_front-end-technologies\03_javascript\03_14_javascript-dom-manipulation.en.txt","C:\Users\Sujay\Desktop\META-USEFUL\the-full-stack\02_front-end-technologies\03_javascript\03_14_javascript-dom-manipulation.en.txt","5.81"
"the-full-stack","03_15_event-handling.en.txt",".txt","C:\Users\Sujay\Desktop\META\the-full-stack\02_front-end-technologies\03_javascript\03_15_event-handling.en.txt","C:\Users\Sujay\Desktop\META-USEFUL\the-full-stack\02_front-end-technologies\03_javascript\03_15_event-handling.en.txt","3.77"
"the-full-stack","03_16_exercise-web-page-content-update_instructions.html",".html","C:\Users\Sujay\Desktop\META\the-full-stack\02_front-end-technologies\03_javascript\03_16_exercise-web-page-content-update_instructions.html","C:\Users\Sujay\Desktop\META-USEFUL\the-full-stack\02_front-end-technologies\03_javascript\03_16_exercise-web-page-content-update_instructions.html","6.23"
"the-full-stack","03_17_frameworks-and-libraries.en.txt",".txt","C:\Users\Sujay\Desktop\META\the-full-stack\02_front-end-technologies\03_javascript\03_17_frameworks-and-libraries.en.txt","C:\Users\Sujay\Desktop\META-USEFUL\the-full-stack\02_front-end-technologies\03_javascript\03_17_frameworks-and-libraries.en.txt","5.3"
"the-full-stack","03_18_module-summary-front-end-technologies.en.txt",".txt","C:\Users\Sujay\Desktop\META\the-full-stack\02_front-end-technologies\03_javascript\03_18_module-summary-front-end-technologies.en.txt","C:\Users\Sujay\Desktop\META-USEFUL\the-full-stack\02_front-end-technologies\03_javascript\03_18_module-summary-front-end-technologies.en.txt","5.73"
"the-full-stack","03_19_additional-resources_full-emoji-list.html",".html","C:\Users\Sujay\Desktop\META\the-full-stack\02_front-end-technologies\03_javascript\03_19_additional-resources_full-emoji-list.html","C:\Users\Sujay\Desktop\META-USEFUL\the-full-stack\02_front-end-technologies\03_javascript\03_19_additional-resources_full-emoji-list.html","8290.01"
"the-full-stack","03_19_additional-resources_instructions.html",".html","C:\Users\Sujay\Desktop\META\the-full-stack\02_front-end-technologies\03_javascript\03_19_additional-resources_instructions.html","C:\Users\Sujay\Desktop\META-USEFUL\the-full-stack\02_front-end-technologies\03_javascript\03_19_additional-resources_instructions.html","3.75"
"the-full-stack","03_19_additional-resources_modules.html",".html","C:\Users\Sujay\Desktop\META\the-full-stack\02_front-end-technologies\03_javascript\03_19_additional-resources_modules.html","C:\Users\Sujay\Desktop\META-USEFUL\the-full-stack\02_front-end-technologies\03_javascript\03_19_additional-resources_modules.html","157.47"
"the-full-stack","01_01_recap-what-you-know-about-django.en.txt",".txt","C:\Users\Sujay\Desktop\META\the-full-stack\03_the-full-stack-using-django\01_django-architecture\01_01_recap-what-you-know-about-django.en.txt","C:\Users\Sujay\Desktop\META-USEFUL\the-full-stack\03_the-full-stack-using-django\01_django-architecture\01_01_recap-what-you-know-about-django.en.txt","5.24"
"the-full-stack","01_02_recap-what-you-know-about-apis.en.txt",".txt","C:\Users\Sujay\Desktop\META\the-full-stack\03_the-full-stack-using-django\01_django-architecture\01_02_recap-what-you-know-about-apis.en.txt","C:\Users\Sujay\Desktop\META-USEFUL\the-full-stack\03_the-full-stack-using-django\01_django-architecture\01_02_recap-what-you-know-about-apis.en.txt","6.18"
"the-full-stack","01_03_environment-check_instructions.html",".html","C:\Users\Sujay\Desktop\META\the-full-stack\03_the-full-stack-using-django\01_django-architecture\01_03_environment-check_instructions.html","C:\Users\Sujay\Desktop\META-USEFUL\the-full-stack\03_the-full-stack-using-django\01_django-architecture\01_03_environment-check_instructions.html","6.02"
"the-full-stack","01_04_optional-creating-a-django-project-steps-and-code_instructions.html",".html","C:\Users\Sujay\Desktop\META\the-full-stack\03_the-full-stack-using-django\01_django-architecture\01_04_optional-creating-a-django-project-steps-and-code_instructions.html","C:\Users\Sujay\Desktop\META-USEFUL\the-full-stack\03_the-full-stack-using-django\01_django-architecture\01_04_optional-creating-a-django-project-steps-and-code_instructions.html","244.41"
"the-full-stack","01_05_additional-resources_database.html",".html","C:\Users\Sujay\Desktop\META\the-full-stack\03_the-full-stack-using-django\01_django-architecture\01_05_additional-resources_database.html","C:\Users\Sujay\Desktop\META-USEFUL\the-full-stack\03_the-full-stack-using-django\01_django-architecture\01_05_additional-resources_database.html","28.6"
"the-full-stack","01_05_additional-resources_getting_started.html",".html","C:\Users\Sujay\Desktop\META\the-full-stack\03_the-full-stack-using-django\01_django-architecture\01_05_additional-resources_getting_started.html","C:\Users\Sujay\Desktop\META-USEFUL\the-full-stack\03_the-full-stack-using-django\01_django-architecture\01_05_additional-resources_getting_started.html","12.42"
"the-full-stack","01_05_additional-resources_instructions.html",".html","C:\Users\Sujay\Desktop\META\the-full-stack\03_the-full-stack-using-django\01_django-architecture\01_05_additional-resources_instructions.html","C:\Users\Sujay\Desktop\META-USEFUL\the-full-stack\03_the-full-stack-using-django\01_django-architecture\01_05_additional-resources_instructions.html","4.94"
"the-full-stack","01_05_additional-resources_macos-installation-pkg.html",".html","C:\Users\Sujay\Desktop\META\the-full-stack\03_the-full-stack-using-django\01_django-architecture\01_05_additional-resources_macos-installation-pkg.html","C:\Users\Sujay\Desktop\META-USEFUL\the-full-stack\03_the-full-stack-using-django\01_django-architecture\01_05_additional-resources_macos-installation-pkg.html","73.65"
"the-full-stack","01_05_additional-resources_macos-installation.html",".html","C:\Users\Sujay\Desktop\META\the-full-stack\03_the-full-stack-using-django\01_django-architecture\01_05_additional-resources_macos-installation.html","C:\Users\Sujay\Desktop\META-USEFUL\the-full-stack\03_the-full-stack-using-django\01_django-architecture\01_05_additional-resources_macos-installation.html","68.12"
"the-full-stack","01_05_additional-resources_windows-installation.html",".html","C:\Users\Sujay\Desktop\META\the-full-stack\03_the-full-stack-using-django\01_django-architecture\01_05_additional-resources_windows-installation.html","C:\Users\Sujay\Desktop\META-USEFUL\the-full-stack\03_the-full-stack-using-django\01_django-architecture\01_05_additional-resources_windows-installation.html","79.32"
"the-full-stack","02_01_recap-what-you-know-about-databases-and-mysql.en.txt",".txt","C:\Users\Sujay\Desktop\META\the-full-stack\03_the-full-stack-using-django\02_django-and-mysql\02_01_recap-what-you-know-about-databases-and-mysql.en.txt","C:\Users\Sujay\Desktop\META-USEFUL\the-full-stack\03_the-full-stack-using-django\02_django-and-mysql\02_01_recap-what-you-know-about-databases-and-mysql.en.txt","5.73"
"the-full-stack","02_02_setting-up-a-mysql-database-on-windows_instructions.html",".html","C:\Users\Sujay\Desktop\META\the-full-stack\03_the-full-stack-using-django\02_django-and-mysql\02_02_setting-up-a-mysql-database-on-windows_instructions.html","C:\Users\Sujay\Desktop\META-USEFUL\the-full-stack\03_the-full-stack-using-django\02_django-and-mysql\02_02_setting-up-a-mysql-database-on-windows_instructions.html","3334.05"
"the-full-stack","02_02_setting-up-a-mysql-database-on-windows_windows-installation.html",".html","C:\Users\Sujay\Desktop\META\the-full-stack\03_the-full-stack-using-django\02_django-and-mysql\02_02_setting-up-a-mysql-database-on-windows_windows-installation.html","C:\Users\Sujay\Desktop\META-USEFUL\the-full-stack\03_the-full-stack-using-django\02_django-and-mysql\02_02_setting-up-a-mysql-database-on-windows_windows-installation.html","79.32"
"the-full-stack","02_03_setting-up-a-mysql-database-on-mac_instructions.html",".html","C:\Users\Sujay\Desktop\META\the-full-stack\03_the-full-stack-using-django\02_django-and-mysql\02_03_setting-up-a-mysql-database-on-mac_instructions.html","C:\Users\Sujay\Desktop\META-USEFUL\the-full-stack\03_the-full-stack-using-django\02_django-and-mysql\02_03_setting-up-a-mysql-database-on-mac_instructions.html","2431.94"
"the-full-stack","02_04_recap-models-and-migrations_instructions.html",".html","C:\Users\Sujay\Desktop\META\the-full-stack\03_the-full-stack-using-django\02_django-and-mysql\02_04_recap-models-and-migrations_instructions.html","C:\Users\Sujay\Desktop\META-USEFUL\the-full-stack\03_the-full-stack-using-django\02_django-and-mysql\02_04_recap-models-and-migrations_instructions.html","433.11"
"the-full-stack","02_05_configuring-django-to-connect-to-mysql.en.txt",".txt","C:\Users\Sujay\Desktop\META\the-full-stack\03_the-full-stack-using-django\02_django-and-mysql\02_05_configuring-django-to-connect-to-mysql.en.txt","C:\Users\Sujay\Desktop\META-USEFUL\the-full-stack\03_the-full-stack-using-django\02_django-and-mysql\02_05_configuring-django-to-connect-to-mysql.en.txt","3.96"
"the-full-stack","02_06_exercise-connect-django-to-mysql_instructions.html",".html","C:\Users\Sujay\Desktop\META\the-full-stack\03_the-full-stack-using-django\02_django-and-mysql\02_06_exercise-connect-django-to-mysql_instructions.html","C:\Users\Sujay\Desktop\META-USEFUL\the-full-stack\03_the-full-stack-using-django\02_django-and-mysql\02_06_exercise-connect-django-to-mysql_instructions.html","245.44"
"the-full-stack","02_07_additional-resources_instructions.html",".html","C:\Users\Sujay\Desktop\META\the-full-stack\03_the-full-stack-using-django\02_django-and-mysql\02_07_additional-resources_instructions.html","C:\Users\Sujay\Desktop\META-USEFUL\the-full-stack\03_the-full-stack-using-django\02_django-and-mysql\02_07_additional-resources_instructions.html","2.14"
"the-full-stack","02_07_additional-resources_windows-installation.html",".html","C:\Users\Sujay\Desktop\META\the-full-stack\03_the-full-stack-using-django\02_django-and-mysql\02_07_additional-resources_windows-installation.html","C:\Users\Sujay\Desktop\META-USEFUL\the-full-stack\03_the-full-stack-using-django\02_django-and-mysql\02_07_additional-resources_windows-installation.html","79.32"
"the-full-stack","03_01_recap-what-you-know-about-forms-and-modelforms.en.txt",".txt","C:\Users\Sujay\Desktop\META\the-full-stack\03_the-full-stack-using-django\03_django-and-the-front-end\03_01_recap-what-you-know-about-forms-and-modelforms.en.txt","C:\Users\Sujay\Desktop\META-USEFUL\the-full-stack\03_the-full-stack-using-django\03_django-and-the-front-end\03_01_recap-what-you-know-about-forms-and-modelforms.en.txt","6.64"
"the-full-stack","03_02_fetching-data-using-javascript.en.txt",".txt","C:\Users\Sujay\Desktop\META\the-full-stack\03_the-full-stack-using-django\03_django-and-the-front-end\03_02_fetching-data-using-javascript.en.txt","C:\Users\Sujay\Desktop\META-USEFUL\the-full-stack\03_the-full-stack-using-django\03_django-and-the-front-end\03_02_fetching-data-using-javascript.en.txt","6.63"
"the-full-stack","03_03_querying-apis-using-javascript_instructions.html",".html","C:\Users\Sujay\Desktop\META\the-full-stack\03_the-full-stack-using-django\03_django-and-the-front-end\03_03_querying-apis-using-javascript_instructions.html","C:\Users\Sujay\Desktop\META-USEFUL\the-full-stack\03_the-full-stack-using-django\03_django-and-the-front-end\03_03_querying-apis-using-javascript_instructions.html","7.38"
"the-full-stack","03_04_exercise-submitting-a-form-with-javascript_instructions.html",".html","C:\Users\Sujay\Desktop\META\the-full-stack\03_the-full-stack-using-django\03_django-and-the-front-end\03_04_exercise-submitting-a-form-with-javascript_instructions.html","C:\Users\Sujay\Desktop\META-USEFUL\the-full-stack\03_the-full-stack-using-django\03_django-and-the-front-end\03_04_exercise-submitting-a-form-with-javascript_instructions.html","154.84"
"the-full-stack","03_05_module-summary-the-full-stack-using-django.en.txt",".txt","C:\Users\Sujay\Desktop\META\the-full-stack\03_the-full-stack-using-django\03_django-and-the-front-end\03_05_module-summary-the-full-stack-using-django.en.txt","C:\Users\Sujay\Desktop\META-USEFUL\the-full-stack\03_the-full-stack-using-django\03_django-and-the-front-end\03_05_module-summary-the-full-stack-using-django.en.txt","2.55"
"the-full-stack","03_06_additional-resources_instructions.html",".html","C:\Users\Sujay\Desktop\META\the-full-stack\03_the-full-stack-using-django\03_django-and-the-front-end\03_06_additional-resources_instructions.html","C:\Users\Sujay\Desktop\META-USEFUL\the-full-stack\03_the-full-stack-using-django\03_django-and-the-front-end\03_06_additional-resources_instructions.html","1.49"
"the-full-stack","01_01_server-and-serverless.en.txt",".txt","C:\Users\Sujay\Desktop\META\the-full-stack\04_production-environments\01_web-server-environments\01_01_server-and-serverless.en.txt","C:\Users\Sujay\Desktop\META-USEFUL\the-full-stack\04_production-environments\01_web-server-environments\01_01_server-and-serverless.en.txt","5.07"
"the-full-stack","01_02_virtual-machines-and-containerization.en.txt",".txt","C:\Users\Sujay\Desktop\META\the-full-stack\04_production-environments\01_web-server-environments\01_02_virtual-machines-and-containerization.en.txt","C:\Users\Sujay\Desktop\META-USEFUL\the-full-stack\04_production-environments\01_web-server-environments\01_02_virtual-machines-and-containerization.en.txt","5.68"
"the-full-stack","01_03_what-does-self-hosted-paas-saas-and-dbaas-mean_instructions.html",".html","C:\Users\Sujay\Desktop\META\the-full-stack\04_production-environments\01_web-server-environments\01_03_what-does-self-hosted-paas-saas-and-dbaas-mean_instructions.html","C:\Users\Sujay\Desktop\META-USEFUL\the-full-stack\04_production-environments\01_web-server-environments\01_03_what-does-self-hosted-paas-saas-and-dbaas-mean_instructions.html","4.69"
"the-full-stack","01_04_additional-resources_instructions.html",".html","C:\Users\Sujay\Desktop\META\the-full-stack\04_production-environments\01_web-server-environments\01_04_additional-resources_instructions.html","C:\Users\Sujay\Desktop\META-USEFUL\the-full-stack\04_production-environments\01_web-server-environments\01_04_additional-resources_instructions.html","4"
"the-full-stack","02_01_what-is-cloud-computing.en.txt",".txt","C:\Users\Sujay\Desktop\META\the-full-stack\04_production-environments\02_introduction-to-cloud-computing\02_01_what-is-cloud-computing.en.txt","C:\Users\Sujay\Desktop\META-USEFUL\the-full-stack\04_production-environments\02_introduction-to-cloud-computing\02_01_what-is-cloud-computing.en.txt","3.71"
"the-full-stack","02_02_key-elements-of-cloud-computing.en.txt",".txt","C:\Users\Sujay\Desktop\META\the-full-stack\04_production-environments\02_introduction-to-cloud-computing\02_02_key-elements-of-cloud-computing.en.txt","C:\Users\Sujay\Desktop\META-USEFUL\the-full-stack\04_production-environments\02_introduction-to-cloud-computing\02_02_key-elements-of-cloud-computing.en.txt","4.28"
"the-full-stack","02_03_networking-in-the-cloud_instructions.html",".html","C:\Users\Sujay\Desktop\META\the-full-stack\04_production-environments\02_introduction-to-cloud-computing\02_03_networking-in-the-cloud_instructions.html","C:\Users\Sujay\Desktop\META-USEFUL\the-full-stack\04_production-environments\02_introduction-to-cloud-computing\02_03_networking-in-the-cloud_instructions.html","5.54"
"the-full-stack","03_01_what-is-scaling.en.txt",".txt","C:\Users\Sujay\Desktop\META\the-full-stack\04_production-environments\03_scaling-in-the-cloud\03_01_what-is-scaling.en.txt","C:\Users\Sujay\Desktop\META-USEFUL\the-full-stack\04_production-environments\03_scaling-in-the-cloud\03_01_what-is-scaling.en.txt","3.68"
"the-full-stack","03_02_load-balancing.en.txt",".txt","C:\Users\Sujay\Desktop\META\the-full-stack\04_production-environments\03_scaling-in-the-cloud\03_02_load-balancing.en.txt","C:\Users\Sujay\Desktop\META-USEFUL\the-full-stack\04_production-environments\03_scaling-in-the-cloud\03_02_load-balancing.en.txt","4.21"
"the-full-stack","03_03_how-a-cdn-improves-scaling_instructions.html",".html","C:\Users\Sujay\Desktop\META\the-full-stack\04_production-environments\03_scaling-in-the-cloud\03_03_how-a-cdn-improves-scaling_instructions.html","C:\Users\Sujay\Desktop\META-USEFUL\the-full-stack\04_production-environments\03_scaling-in-the-cloud\03_03_how-a-cdn-improves-scaling_instructions.html","1795.8"
"the-full-stack","03_04_module-summary-production-environments.en.txt",".txt","C:\Users\Sujay\Desktop\META\the-full-stack\04_production-environments\03_scaling-in-the-cloud\03_04_module-summary-production-environments.en.txt","C:\Users\Sujay\Desktop\META-USEFUL\the-full-stack\04_production-environments\03_scaling-in-the-cloud\03_04_module-summary-production-environments.en.txt","5.12"
"the-full-stack","01_01_course-recap-the-full-stack.en.txt",".txt","C:\Users\Sujay\Desktop\META\the-full-stack\05_final-project\01_final-project-assessment\01_01_course-recap-the-full-stack.en.txt","C:\Users\Sujay\Desktop\META-USEFUL\the-full-stack\05_final-project\01_final-project-assessment\01_01_course-recap-the-full-stack.en.txt","6.12"
"the-full-stack","01_02_about-the-final-assessment_instructions.html",".html","C:\Users\Sujay\Desktop\META\the-full-stack\05_final-project\01_final-project-assessment\01_02_about-the-final-assessment_instructions.html","C:\Users\Sujay\Desktop\META-USEFUL\the-full-stack\05_final-project\01_final-project-assessment\01_02_about-the-final-assessment_instructions.html","2.93"
"the-full-stack","01_03_exercise-connect-the-little-lemon-back-end-to-mysql_instructions.html",".html","C:\Users\Sujay\Desktop\META\the-full-stack\05_final-project\01_final-project-assessment\01_03_exercise-connect-the-little-lemon-back-end-to-mysql_instructions.html","C:\Users\Sujay\Desktop\META-USEFUL\the-full-stack\05_final-project\01_final-project-assessment\01_03_exercise-connect-the-little-lemon-back-end-to-mysql_instructions.html","561.82"
"the-full-stack","01_04_exercise-set-up-a-little-lemon-booking-api_instructions.html",".html","C:\Users\Sujay\Desktop\META\the-full-stack\05_final-project\01_final-project-assessment\01_04_exercise-set-up-a-little-lemon-booking-api_instructions.html","C:\Users\Sujay\Desktop\META-USEFUL\the-full-stack\05_final-project\01_final-project-assessment\01_04_exercise-set-up-a-little-lemon-booking-api_instructions.html","18.8"
"the-full-stack","01_05_exercise-display-the-little-lemon-available-booking-times_instructions.html",".html","C:\Users\Sujay\Desktop\META\the-full-stack\05_final-project\01_final-project-assessment\01_05_exercise-display-the-little-lemon-available-booking-times_instructions.html","C:\Users\Sujay\Desktop\META-USEFUL\the-full-stack\05_final-project\01_final-project-assessment\01_05_exercise-display-the-little-lemon-available-booking-times_instructions.html","174.01"
"the-full-stack","02_01_course-wrap-up.en.txt",".txt","C:\Users\Sujay\Desktop\META\the-full-stack\05_final-project\02_course-wrap-up\02_01_course-wrap-up.en.txt","C:\Users\Sujay\Desktop\META-USEFUL\the-full-stack\05_final-project\02_course-wrap-up\02_01_course-wrap-up.en.txt","2.14"
"the-full-stack","02_02_next-steps_instructions.html",".html","C:\Users\Sujay\Desktop\META\the-full-stack\05_final-project\02_course-wrap-up\02_02_next-steps_instructions.html","C:\Users\Sujay\Desktop\META-USEFUL\the-full-stack\05_final-project\02_course-wrap-up\02_02_next-steps_instructions.html","2.01"
